Product Code,Product Name,Category Code,Product Unit,Product Cost,Product Price,Alert Quantity,Product Tax,Tax Method,Sub category Code,Product Variants separated by vertical bar
1222BP1-1,1222 BP1 BLACK 9V BLISTER PACK,C001,PCS,87.95,87.95,0,VAT @ 16%, exclusive,,
1222SW-1,1222SW1 BLACK 9V SHRINK WRAP,C001,PCS,92.24,92.24,0,VAT @ 16%, exclusive,,
1015BP2,RED AA SIZE-1015BP2,C002,PCS,20.98,20.98,0,VAT @ 16%, exclusive,,
1015BP2X10,RED AA SIZE-1015BP2X10,C002,PCS,16.16,16.16,0,VAT @ 16%, exclusive,,
1015BP4  PERFO,1015BP4  PERFO,C002,PCS,18.50,18.50,0,VAT @ 16%, exclusive,,
1215BBP4,BLACK AA SIZE-1215BBP4,C002,PCS,21.89,21.89,0,VAT @ 16%, exclusive,,
1215BP2,BLACK AA SIZE 1215BP2,C002,PCS,24.72,24.72,0,VAT @ 16%, exclusive,,
915B,BLUE AA SIZE-915B,C002,PCS,10.99,10.99,0,VAT @ 16%, exclusive,,
1012BP2,EVEREADY AAA 1012BP2,C003,PCS,17.93,17.93,0,VAT @ 16%, exclusive,,
1012BP20,EVEREADY AAA 1012BP20,C003,PCS,13.06,13.06,0,VAT @ 16%, exclusive,,
1012BP4,EVEREADY AAA 1012BP4,C003,PCS,17.13,17.13,0,VAT @ 16%, exclusive,,
912SW4,EVEREADY AAA 912SW4,C003,PCS,9.79,9.79,0,VAT @ 16%, exclusive,,
"9 """" TUBE",LANTERN TUBE BULB,C004,PCS,127.13,127.13,0,VAT @ 16%, exclusive,,
KPR103,KRYPTON  BULB,C004,PCS,64.00,64.00,0,VAT @ 16%, exclusive,,
KPR104,KRYPTON  BULBS,C004,PCS,65.00,65.00,0,VAT @ 16%, exclusive,,
"""U""TUBE",LANTERN TUBE,C004,PCS,124.00,124.00,0,VAT @ 16%, exclusive,,
1151,FLASHLIGHT BULBS,C004,PCS,24.61,24.61,0,VAT @ 16%, exclusive,,
1155,FLASHLIGHT BULBS,C004,PCS,24.61,24.61,0,VAT @ 16%, exclusive,,
1161,FLASHLIGHT BULBS,C004,PCS,30.00,30.00,0,VAT @ 16%, exclusive,,
1162,FLASHLIGHT BULBS,C004,PCS,22.39,22.39,0,VAT @ 16%, exclusive,,
1404,FLASHLIGHT BULBS,C004,PCS,42.00,42.00,0,VAT @ 16%, exclusive,,
1405,MINITURE BULBS,C004,PCS,41.05,41.05,0,VAT @ 16%, exclusive,,
1420B,MINIATURE BULB-1420B,C004,PCS,42.00,42.00,0,VAT @ 16%, exclusive,,
1421,FLASHLIGHT BULBS,C004,PCS,42.00,42.00,0,VAT @ 16%, exclusive,,
1422,MINIATURE BULBS,C004,PCS,19.30,19.30,0,VAT @ 16%, exclusive,,
1035MJSW2,RED  C  SIZE - 1035MJSW2,C005,PCS,42.00,42.00,0,VAT @ 16%, exclusive,,
1050SW10-E,RED D SIZE-1050SW10-E,C006,PCS,28.80,28.80,0,VAT @ 16%, exclusive,,
1050SW2B100IMP,RED D SIZE -1050SW2B100,C006,PCS,28.80,28.80,0,VAT @ 16%, exclusive,,
1250 R20P,ZN.CHL.D SIZE - 1250 R20P,C006,PCS,41.40,41.40,0,VAT @ 16%, exclusive,,
1250SW2B100IMP,ZN.CHL.D SIZE-1250SW2B100,C006,PCS,41.40,41.40,0,VAT @ 16%, exclusive,,
950SW10,BLUE D SIZE-950SW10,C006,PCS,24.50,24.50,0,VAT @ 16%, exclusive,,
950SW2B100IMP,BLUE D SIZE-950SW2B100IMP,C006,PCS,24.50,24.50,0,VAT @ 16%, exclusive,,
3197 D,EXTRA II SEN 5+2,C007,PCS,24.59,24.59,0,VAT @ 16%, exclusive,,
A91BP2-EG,EVEREADY GOLD - A91BP2,C007,PCS,50.71,50.71,0,VAT @ 16%, exclusive,,
A91BP20-EG,EVEREADY GOLD - A91BP20,C007,PCS,49.62,49.62,0,VAT @ 16%, exclusive,,
A91BP4-EG,EVEREADY GOLD A91BP4,C007,PCS,49.81,49.81,0,VAT @ 16%, exclusive,,
A92BP2-EG,EVEREADY GOLD A92BP2,C007,PCS,50.71,50.71,0,VAT @ 16%, exclusive,,
A92BP4-EG,EVEREADY GOLD A92BP4,C007,PCS,49.81,49.81,0,VAT @ 16%, exclusive,,
522BP1-LL,522-9V-BP1-LL Formula,C007,PCS,304.60,304.60,0,VAT @ 16%, exclusive,,
522BP1-MAX,ENERG. 9VOLTS- 522BP1-MAX,C007,PCS,304.60,304.60,0,VAT @ 16%, exclusive,,
E91BP2-LL,E91-AA-BP2-LL Formula,C007,PCS,80.84,80.84,0,VAT @ 16%, exclusive,,
E91BP2-MAX,ENERG. AA SIZE- E91BP2-MAX,C007,PCS,80.84,80.84,0,VAT @ 16%, exclusive,,
E91BP4(3+1)LL,E91-AA-BP 3+1free-LL Formula,C007,PCS,59.68,59.68,0,VAT @ 16%, exclusive,,
E91BP4(3+1)MAX,ENERG. AA SIZE- E91BP4(3+1)MAX,C007,PCS,59.68,59.68,0,VAT @ 16%, exclusive,,
E91BP4-LL,E91-AA-BP4-LL Formula,C007,PCS,79.38,79.38,0,VAT @ 16%, exclusive,,
E91BP4-MAX,ENERG. AA SIZE- E91BP4-MAX,C007,PCS,79.38,79.38,0,VAT @ 16%, exclusive,,
E91BP6(4+2)-LL,E91-AA-BP 4+2free-LL Formula,C007,PCS,52.83,52.83,0,VAT @ 16%, exclusive,,
E91BP6(4+2)-MAX,ENERG. AA SIZE E91BP6(4+2)-MAX,C007,PCS,52.83,52.83,0,VAT @ 16%, exclusive,,
E92BP2-LL,E92-AAA-BP2-LL Formula,C007,PCS,80.84,80.84,0,VAT @ 16%, exclusive,,
E92BP2-MAX,ENERG. AAA SIZE-E92BP2-MAX,C007,PCS,80.84,80.84,0,VAT @ 16%, exclusive,,
E92BP4(3+1) MAX,ENERG. AAA- E92BP4(3+1)MAX,C007,PCS,59.68,59.68,0,VAT @ 16%, exclusive,,
E92BP4(3+1)-LL,E92-AAA-BP 3+1free-LL Formula,C007,PCS,59.68,59.68,0,VAT @ 16%, exclusive,,
E92BP4-LL,E92-AAA-BP 4-LL Formula,C007,PCS,79.38,79.38,0,VAT @ 16%, exclusive,,
E92BP4-MAX,ENERGIZER AAA SIZE E92BP4-MAX,C007,PCS,79.38,79.38,0,VAT @ 16%, exclusive,,
E92BP6(4+2)-LL,E92-AAA-BP 4+2free-LL Formula,C007,PCS,52.83,52.83,0,VAT @ 16%, exclusive,,
E92BP6(4+2)MAX,ENERG. AAA E92BP6(4+2)-MAX,C007,PCS,52.83,52.83,0,VAT @ 16%, exclusive,,
E93BP2-LL,E93-C-BP2-LL Formula,C007,PCS,177.55,177.55,0,VAT @ 16%, exclusive,,
E93BP2-MAX,ENERG. C SIZE-E93BP2-MAX,C007,PCS,177.55,177.55,0,VAT @ 16%, exclusive,,
E95BP2-LL,E95-D-BP2-LL Formula,C007,PCS,193.71,193.71,0,VAT @ 16%, exclusive,,
E95BP2-MAX,ENERG. D SIZE- E95BP2-MAX,C007,PCS,193.71,193.71,0,VAT @ 16%, exclusive,,
E96BP-2,ENERGIZER  SIZE-AAAA  12/2,C007,PCS,81.78,81.78,0,VAT @ 16%, exclusive,,
L92BP2,ENERGIZER AAA SIZE-L92-LITHIUM,C007,PCS,241.34,241.34,0,VAT @ 16%, exclusive,,
L91BP2,ENERGIZER AA SIZE-L91-LITHIUM,C007,PCS,274.61,274.61,0,VAT @ 16%, exclusive,,
GPCH41,2AA LEDONE,C008,PCS,275.00,275.00,0,VAT @ 16%, exclusive,,
GPCH41PROMO,2AA LEDONE W/Batteries,C008,PCS,275.00,275.00,0,VAT @ 16%, exclusive,,
GPLN45,ESSENTIAL LANTERN,C008,PCS,275.00,275.00,0,VAT @ 16%, exclusive,,
LC1L2A,2AA LED LIGHT,C008,PCS,0.00,0.00,0,VAT @ 16%, exclusive,,
LC1L2APROMO,2AA LED LIGHT W/BATTERIES,C008,PCS,0.00,0.00,0,VAT @ 16%, exclusive,,
LC1L2D,2DD LED LIGHT,C008,PCS,275.00,275.00,0,VAT @ 16%, exclusive,,
LC1L2DPROMO,2DD LED LIGHT W/ BATTERIES,C008,PCS,275.00,275.00,0,VAT @ 16%, exclusive,,
LCHL33A,3 LED HEADLIGHT,C008,PCS,275.00,275.00,0,VAT @ 16%, exclusive,,
RCALBLA,RECHARGEABLE AREA LANTERN,C008,PCS,275.00,275.00,0,VAT @ 16%, exclusive,,
RCALCLA,RECHARGEABLE COMPACT LANTERN,C008,PCS,275.00,275.00,0,VAT @ 16%, exclusive,,
T3853LED1,METAL LED 2D,C008,PCS,275.00,275.00,0,VAT @ 16%, exclusive,,
MFAL353,CAMPING LANTERN,C008,PCS,275.00,275.00,0,VAT @ 16%, exclusive,,
PLP22,NEW LED PENLIGHT,C008,PCS,275.00,275.00,0,VAT @ 16%, exclusive,,
PRO123A,2AA INSPECTION LIGHT,C008,PCS,"1,029.77","1,029.77",0,VAT @ 16%, exclusive,,
PRO2AA1,HARDCASE PRO2AA1,C008,PCS,"1,994.21","1,994.21",0,VAT @ 16%, exclusive,,
PRO4AA,ENERGIZER HARDCASE AA SIZE,C008,PCS,"1,711.80","1,711.80",0,VAT @ 16%, exclusive,,
PROSW2AA,ENER HARDCASE PRO2AA LED SWIVE,C008,PCS,"1,463.40","1,463.40",0,VAT @ 16%, exclusive,,
RC102,RC102 RECHARGEABLE LANTERN,C008,PCS,"2,492.44","2,492.44",0,VAT @ 16%, exclusive,,
RC110-SK,RC110 RECHARGEABLE LANTERN,C008,PCS,"2,492.44","2,492.44",0,VAT @ 16%, exclusive,,
FNL2B1,ENERGIZER TRIM FLEX LED,C008,PCS,507.96,507.96,0,VAT @ 16%, exclusive,,
PL314M,EVEREADY EASY LIGHT,C008,PCS,344.76,344.76,0,VAT @ 16%, exclusive,,
LED2BU1,HI-TECH LED ENERGIZER  KEYRING,C008,PCS,494.08,494.08,0,VAT @ 16%, exclusive,,
LED3BUI,EVEREADY LED KEY CHAIN LIGHT,C008,PCS,215.22,215.22,0,VAT @ 16%, exclusive,,
LEDONE PROMO,LEDONE PROMO WITH FREE 1050,C008,PCS,247.68,247.68,0,VAT @ 16%, exclusive,,
LEDONE RVSMBK,EVEREADY LED ONE (BULK),C008,PCS,226.29,226.29,0,VAT @ 16%, exclusive,,
LP212,ENERGIZER 2AAA PENLIGHT,C008,PCS,328.63,328.63,0,VAT @ 16%, exclusive,,
HD4L33AE,ENERGIZER 4LED HEADLIGHT,C008,PCS,864.00,864.00,0,VAT @ 16%, exclusive,,
HD7L33AE,ENERGIZER 7LED HEADLIGHT,C008,PCS,"1,078.85","1,078.85",0,VAT @ 16%, exclusive,,
HDCL2BU,EVEREADY LED CLIP HEADLIGHT,C008,PCS,190.56,190.56,0,VAT @ 16%, exclusive,,
HDL2BU1,LED HEAD LIGHT,C008,PCS,330.00,330.00,0,VAT @ 16%, exclusive,,
HDL33A,ENER 3AAA LED HEADLIGHT,C008,PCS,884.40,884.40,0,VAT @ 16%, exclusive,,
EC4D2,4D LANTERN,C008,PCS,295.10,295.10,0,VAT @ 16%, exclusive,,
AUTOLED,3D AUTO LANTERN,C008,PCS,695.25,695.25,0,VAT @ 16%, exclusive,,
AV458G,AREA LANTERN AV458G,C008,PCS,"1,787.50","1,787.50",0,VAT @ 16%, exclusive,,
DOL2A2,2AA DOLPHIN LIGHT,C008,PCS,217.00,217.00,0,VAT @ 16%, exclusive,,
DOL2D2,2D DOLPHIN LIGHT,C008,PCS,281.00,281.00,0,VAT @ 16%, exclusive,,
E220 RED,E220 2AA BIG RED FLASHLIGHTS,C008,PCS,158.13,158.13,0,VAT @ 16%, exclusive,,
E220 RED PROMO,E220 AA FLASHLIGHT + BATTERIES,C008,PCS,158.13,158.13,0,VAT @ 16%, exclusive,,
E250 RED,E250 2D PLASTIC FLASHLIGHT,C008,PCS,147.58,147.58,0,VAT @ 16%, exclusive,,
E250 RED PROMO,E250 2D PLASTIC F/LIGHT + BATT,C008,PCS,201.88,201.88,0,VAT @ 16%, exclusive,,
E250REDPROMO,E250 2D PLASTIC F/LIGHT + BATT,C008,PCS,201.88,201.88,0,VAT @ 16%, exclusive,,
3853 LED 1,2D LED STEEL LIGHT,C008,PCS,221.38,221.38,0,VAT @ 16%, exclusive,,
3857 LED 1,3D LED STEEL LIGHT,C008,PCS,264.00,264.00,0,VAT @ 16%, exclusive,,
S7904F2U7WB22,ER CFL ENERGY SAVING 2U B22 7W,C009,PCS,143.98,143.98,0,VAT @ 16%, exclusive,,
S7905F2U7WE27,ER CFL ENERGY SAVING 2U E27 7W,C009,PCS,143.98,143.98,0,VAT @ 16%, exclusive,,
S7906F2U9WB22,ER CFL ENERGY SAVING 2U B22 9W,C009,PCS,143.98,143.98,0,VAT @ 16%, exclusive,,
S7907F2U9WE27,ER CFL ENERGY SAVING 2U E27 9W,C009,PCS,143.98,143.98,0,VAT @ 16%, exclusive,,
S7908F2U11WB22,ER CFL ENERGY SAVING 2U B22,C009,PCS,145.02,145.02,0,VAT @ 16%, exclusive,,
S7909F2U11WE27,ER CFL ENERGY SAVING 2U E27,C009,PCS,145.02,145.02,0,VAT @ 16%, exclusive,,
S7910F2U15WB22,ER CFL ENERGY SAVING 2U B22,C009,PCS,145.02,145.02,0,VAT @ 16%, exclusive,,
S7911F2U15WE27,ER CFL ENERGY SAVING 2U E27,C009,PCS,145.02,145.02,0,VAT @ 16%, exclusive,,
S7912F2U7WB22,ER CFL ENERGY SAVING 2U B22 7W,C009,PCS,145.02,145.02,0,VAT @ 16%, exclusive,,
S7913F2U7WE27,ER CFL ENERGY SAVING 2U E27 7W,C009,PCS,145.02,145.02,0,VAT @ 16%, exclusive,,
S7914F2U11WB22,ER CFL ENERGY SAVING 2U B22,C009,PCS,145.02,145.02,0,VAT @ 16%, exclusive,,
S7915F2U11WE27,ER CFL ENERGY SAVING 2U E27,C009,PCS,145.02,145.02,0,VAT @ 16%, exclusive,,
S7916F2U15WB22,ER CFL ENERGY SAVING 2U B22,C009,PCS,145.05,145.05,0,VAT @ 16%, exclusive,,
S7917F2U15WE27,ER CFL ENERGY SAVING 2U E27,C009,PCS,145.02,145.02,0,VAT @ 16%, exclusive,,
S7918F3U9WB22,ER CFL ENERGY SAVING 3U B22 9W,C009,PCS,190.90,190.90,0,VAT @ 16%, exclusive,,
S7919F3U9WE27,ER CFL ENERGY SAVING 3U E27 9W,C009,PCS,190.90,190.90,0,VAT @ 16%, exclusive,,
S7920F3U11WB22,ER CFL ENERGY SAVING 3U B22,C009,PCS,190.90,190.90,0,VAT @ 16%, exclusive,,
S7921F3U11WE27,ER CFL ENERGY SAVING 3U E27,C009,PCS,190.90,190.90,0,VAT @ 16%, exclusive,,
S7922F3U15WB22,ER CFL ENERGY SAVING 3U B22,C009,PCS,190.90,190.90,0,VAT @ 16%, exclusive,,
S7923F3U15WE27,ER CFL ENERGY SAVING 3U E27,C009,PCS,190.90,190.90,0,VAT @ 16%, exclusive,,
S7924F3U9WB22,ER CFL ENERGY SAVING 3U B22 9W,C009,PCS,190.90,190.90,0,VAT @ 16%, exclusive,,
S7925F3U9WE27,ER CFL ENERGY SAVING 3U E27 9W,C009,PCS,190.90,190.90,0,VAT @ 16%, exclusive,,
S7926F3U11WB22,ER CFL ENERGY SAVING 3U B22,C009,PCS,190.90,190.90,0,VAT @ 16%, exclusive,,
S7927F3U11WE27,ER CFL ENERGY SAVING 3U E27,C009,PCS,190.90,190.90,0,VAT @ 16%, exclusive,,
S7928F3U15WB22,ER CFL ENERGY SAVING 3U B22,C009,PCS,190.90,190.90,0,VAT @ 16%, exclusive,,
S7929F3U15WE27,ER CFL ENERGY SAVING 3U E27,C009,PCS,190.90,190.90,0,VAT @ 16%, exclusive,,
S7936F2U9WB22,CFL ENERGY SAVING 2U 450LMS,C009,PCS,145.02,145.02,0,VAT @ 16%, exclusive,,
S7937F2U9WE27,ER CFL ENERGY SAVING 2U E27 9W,C009,PCS,145.02,145.02,0,VAT @ 16%, exclusive,,
S7939F2U7WB15,ER CFL ENERGY SAVING 2U B15 7W,C009,PCS,145.02,145.02,0,VAT @ 16%, exclusive,,
S7940F2U7WE14,ER CFL ENERGY SAVING 2U E14 7W,C009,PCS,145.02,145.02,0,VAT @ 16%, exclusive,,
S7941F2U9WB15,CFL ENERGY SAVING 2U B15 9W,C009,PCS,145.02,145.02,0,VAT @ 16%, exclusive,,
S7942F2U9WB15,CFL ENERGY SAVING 2U B15 9W,C009,PCS,145.02,145.02,0,VAT @ 16%, exclusive,,
S7943F2U11WB15,CFL ENERGY SAVING 2U B15 11W,C009,PCS,145.02,145.02,0,VAT @ 16%, exclusive,,
S7944F2U11WE14,CFL ENERGY SAVING 2U E14 11W,C009,PCS,145.02,145.02,0,VAT @ 16%, exclusive,,
S7945F2U15WB15,CFL ENERGY SAVING 2U B15 15W,C009,PCS,145.02,145.02,0,VAT @ 16%, exclusive,,
S7947F2U7WB15,CFL ENERGY SAVING 2U B15 7W,C009,PCS,145.02,145.02,0,VAT @ 16%, exclusive,,
S7948F2U7WE14,CFL ENERGY SAVING 2U E14 7W,C009,PCS,145.02,145.02,0,VAT @ 16%, exclusive,,
S7949F2U9WB15,CFL ENERGY SAVING 2U B15 9W,C009,PCS,145.02,145.02,0,VAT @ 16%, exclusive,,
S7950F2U9WE14,CFL ENERGY SAVING 2U E14 9W,C009,PCS,145.02,145.02,0,VAT @ 16%, exclusive,,
S7951F2U11WB15,CFL ENERGY SAVING 2U B15 11W,C009,PCS,145.02,145.02,0,VAT @ 16%, exclusive,,
S7952F2U11WE14,CFL ENERGY SAVING 2U E14 11W,C009,PCS,145.02,145.02,0,VAT @ 16%, exclusive,,
S7953F2U15WB15,CFL ENERGY SAVING 2U B15 15W,C009,PCS,145.02,145.02,0,VAT @ 16%, exclusive,,
S7954F2U15WE14,CFL ENERGY SAVING 2U E14 15W,C009,PCS,145.02,145.02,0,VAT @ 16%, exclusive,,
S7955F3U9WB15,CFL ENERGY SAVING 3U B15 9W,C009,PCS,190.90,190.90,0,VAT @ 16%, exclusive,,
S7956F3U9WE14,CFL ENERGY SAVING 3U E14 9W,C009,PCS,190.90,190.90,0,VAT @ 16%, exclusive,,
S7957F3U11WB15,CFL ENERGY SAVING 3U B15 11W,C009,PCS,204.53,204.53,0,VAT @ 16%, exclusive,,
S7961F3U15WB15,CFL ENERGY SAVING 3U B15 15W,C009,PCS,190.90,190.90,0,VAT @ 16%, exclusive,,
S7986F2U9WB22,CFL ENERGY SAVING 2U B22 9W,C009,PCS,145.02,145.02,0,VAT @ 16%, exclusive,,
S8895I75B22,ER R SERV GLS 75W BC PEARL (B22 FROST) 220-2,C009,PCS,28.78,28.78,0,VAT @ 16%, exclusive,,
S7898I40WB22,ER R SERV GLS B22 FROST,C009,PCS,28.42,28.42,0,VAT @ 16%, exclusive,,
S7899I40WE27,ER R SERV GLS 40W ES PEARL,C009,PCS,27.72,27.72,0,VAT @ 16%, exclusive,,
S7900I60WB22,ER R SERV GLS 60W BC PEARL,C009,PCS,28.46,28.46,0,VAT @ 16%, exclusive,,
S7901I60WE27,ER R SERV GLS 60W ES PEARL,C009,PCS,28.42,28.42,0,VAT @ 16%, exclusive,,
S7902I100WB22,ER R SERV GLS 100W BC PEARL,C009,PCS,28.42,28.42,0,VAT @ 16%, exclusive,,
S7903I100WE27,ER R SERV GLS 100W ES PEARL,C009,PCS,29.15,29.15,0,VAT @ 16%, exclusive,,
A-76BP,1.5V ENER. WALL CLOCK BATT 6/1,C010,PCS,24.17,24.17,0,VAT @ 16%, exclusive,,
A23BP-1,12V. ENERG. ELEC. BATTERY,C010,PCS,64.56,64.56,0,VAT @ 16%, exclusive,,
A27BP1,12V. ENERGIZER BATTERY,C010,PCS,71.47,71.47,0,VAT @ 16%, exclusive,,
364BP,1.5V SLVR WATCH  BATT. 6/1,C010,PCS,44.77,44.77,0,VAT @ 16%, exclusive,,
371BP,1.5  SLVR WATCH BATT. 6/1,C010,PCS,70.78,70.78,0,VAT @ 16%, exclusive,,
377BP,1.5 V  SLVR WATCH BATT.  6/1,C010,PCS,45.00,45.00,0,VAT @ 16%, exclusive,,
E90BP-2,1.5V ENERG. PHOTO BATT. 6/2,C010,PCS,137.79,137.79,0,VAT @ 16%, exclusive,,
ECR1620BP5,ENER.BATTERY ECR1620BP5,C010,PCS,102.73,102.73,0,VAT @ 16%, exclusive,,
ECR2016BP,3V LITHIUM WATCH BATT. 6/1,C010,PCS,57.56,57.56,0,VAT @ 16%, exclusive,,
ECR2025BP,3V LITHIUM WATCH BATT. 6/1,C010,PCS,53.50,53.50,0,VAT @ 16%, exclusive,,
ECR2032BP,3V  LITHIUM WATCH BATT. 6/1,C010,PCS,58.22,58.22,0,VAT @ 16%, exclusive,,
EL123APBP,3V  LITHIUM PHOTO BATT. 6/1,C010,PCS,337.50,337.50,0,VAT @ 16%, exclusive,,
EL2CR5BP,6V LITHIUM PHOTO BATT. 6/1,C010,PCS,539.11,539.11,0,VAT @ 16%, exclusive,,
CR2 BP,3V. ENERG. PHOTO BATT.,C010,PCS,393.00,393.00,0,VAT @ 16%, exclusive,,
CRV3BP1,3V. ENERG. PHOTO. BATT.,C010,PCS,393.00,393.00,0,VAT @ 16%, exclusive,,
PIBALBD00004-BK,Piano Budget Ball Pen - Black,C011,PCS,6.00,6.00,0,VAT @ 16%, exclusive,,
PIBALBD00004-BL,Piano Budget Ball Pen - Blue,C011,PCS,6.00,6.00,0,VAT @ 16%, exclusive,,
PIBALBD00004-RD,Piano Budget Ball Pen - Red,C011,PCS,6.00,6.00,0,VAT @ 16%, exclusive,,
PIBALCR00006-BK,Piano Crystal Ball Pen - Black,C011,PCS,8.00,8.00,0,VAT @ 16%, exclusive,,
PIBALCR00006-BL,Piano Crystal Ball Pen - Blue,C011,PCS,8.00,8.00,0,VAT @ 16%, exclusive,,
PIBALCR00006-RD,Piano Crystal Ball Pen - Red,C011,PCS,8.00,8.00,0,VAT @ 16%, exclusive,,
PIBALPN00005-BK,Piano Ball Pen - Black,C011,PCS,10.00,10.00,0,VAT @ 16%, exclusive,,
PIBALPN00005-BL,Piano Ball Pen - Blue,C011,PCS,10.00,10.00,0,VAT @ 16%, exclusive,,
PIBALPN00005-RD,Piano Ball Pen - Red,C011,PCS,10.00,10.00,0,VAT @ 16%, exclusive,,
PIERASH00003,Piano Erasers SH2 Jars,C011,PCS,4.00,4.00,0,VAT @ 16%, exclusive,,
PIFNTSC00007,Piano Scool Fountain Pen,C011,PCS,29.00,29.00,0,VAT @ 16%, exclusive,,
PIFNTTR00008,Piano Transparent Fountain Pen,C011,PCS,39.00,39.00,0,VAT @ 16%, exclusive,,
PIMRKPROP010,Piano Permanent Marker 90 OPP,C011,PCS,39.00,39.00,0,VAT @ 16%, exclusive,,
PIMRKPRPR012-BK,Piano Permanent Marker 90 - Black,C011,PCS,39.00,39.00,0,VAT @ 16%, exclusive,,
PIMRKPRPR012-BL,Piano Permanent Marker 90 - Blue,C011,PCS,39.00,39.00,0,VAT @ 16%, exclusive,,
PIMRKPRPR012-RD,Piano Permanent Marker 90 - Red,C011,PCS,39.00,39.00,0,VAT @ 16%, exclusive,,
PIMRKWTCS011-BK,Piano Whiteboard Marker Chisel - Black,C011,PCS,45.00,45.00,0,VAT @ 16%, exclusive,,
PIMRKWTCS011-BL,Piano Whiteboard Marker Chisel - Blue,C011,PCS,45.00,45.00,0,VAT @ 16%, exclusive,,
PIMRKWTCS011-RD,Piano Whiteboard Marker Chisel - Red,C011,PCS,45.00,45.00,0,VAT @ 16%, exclusive,,
PIPENHB00001,Piano Premium HB Pencil,C011,PCS,9.00,9.00,0,VAT @ 16%, exclusive,,
PIPENHB00002,Piano HB Metallic Pencil,C011,PCS,7.00,7.00,0,VAT @ 16%, exclusive,,
CH2PC3,ENERGIZER MINI CHARGER 2X700MA,C012,PCS,864.50,864.50,0,VAT @ 16%, exclusive,,
CHCCWB4,ENER. COMPACT CHARGER,C012,PCS,"1,947.32","1,947.32",0,VAT @ 16%, exclusive,,
NH12BP2,RECH. ENERG. AAA SIZE-NH12BP2,C012,PCS,205.48,205.48,0,VAT @ 16%, exclusive,,
NH15BP2,RECH. ENERG. AA SIZE-NH15P2,C012,PCS,328.40,328.40,0,VAT @ 16%, exclusive,,
NH15BP2-2500,RECH. ENERG. AA SIZE-NH15P2,C012,PCS,328.40,328.40,0,VAT @ 16%, exclusive,,
NH15BP4,RECH. ENERG. AA SIZE-NH15P4,C012,PCS,337.69,337.69,0,VAT @ 16%, exclusive,,
NH22BP1-175MAH,RECH. ENERG. 9V.-NH22BP1,C012,PCS,727.25,727.25,0,VAT @ 16%, exclusive,,
7503405E,EXACTA II REGULAR 5's,C013,PCS,27.76,27.76,0,VAT @ 16%, exclusive,,
7503417C,EXACTA 2 SENSITIVE 5+2,C013,PCS,26.68,26.68,0,VAT @ 16%, exclusive,,
7503425E,EXACTA II WOMEN 5's,C013,PCS,48.00,48.00,0,VAT @ 16%, exclusive,,
7503427C,EXACTA 2 WOMAN 5+2,C013,PCS,26.68,26.68,0,VAT @ 16%, exclusive,,
7506342B,XTREME SUB-ZERO 3 KIT,C013,PCS,327.79,327.79,0,VAT @ 16%, exclusive,,
7506344A,SCHICK XTREME 3 REFILL 4's,C013,PCS,171.95,171.95,0,VAT @ 16%, exclusive,,
7510431A,SCHICK 2 HANGER SET 12X2,C013,PCS,20.00,20.00,0,VAT @ 16%, exclusive,,
7510458A,SCHICK 2  5's,C013,PCS,16.69,16.69,0,VAT @ 16%, exclusive,,
7510607A,INTUITION REFILS,C013,PCS,219.18,219.18,0,VAT @ 16%, exclusive,,
7510608A,INTUITION KIT 2 SENSITIVE,C013,PCS,692.75,692.75,0,VAT @ 16%, exclusive,,
7510709A,EXACTA II SYSTEM KIT,C013,PCS,173.38,173.38,0,VAT @ 16%, exclusive,,
7510711A,Schcik Exacta 2Refills 2s,C013,PCS,85.74,85.74,0,VAT @ 16%, exclusive,,
7510822B,Schcik Quattro Tit Refills 4s,C013,PCS,207.08,207.08,0,VAT @ 16%, exclusive,,
7510943A,SILK EFFECT BUTTERFLY KIT,C013,PCS,415.66,415.66,0,VAT @ 16%, exclusive,,
7510945A,SILK EFFECTS REFILL 3's FLORAL,C013,PCS,126.67,126.67,0,VAT @ 16%, exclusive,,
751160A,QUATTRO TITANIUM KIT 1,C013,PCS,623.61,623.61,0,VAT @ 16%, exclusive,,
7511984B,EXACTA 2 SENS 2*12,C013,PCS,41.16,41.16,0,VAT @ 16%, exclusive,,
7511985B,EXACTA 2 REGULAR 2*12,C013,PCS,33.22,33.22,0,VAT @ 16%, exclusive,,
1001TBA,TURBO BATTERY ACID,C014,PCS,63.00,63.00,0,VAT @ 16%, exclusive,,
1001TBW,TURBO BATTERY WATER,C014,PCS,40.00,40.00,0,VAT @ 16%, exclusive,,
N40,TURBO N40 LED ACID VENTED,C014,PCS,"4,162.24","4,162.24",0,VAT @ 16%, exclusive,,
N40L,TURBO N40L LED ACID VENTED,C014,PCS,"4,162.24","4,162.24",0,VAT @ 16%, exclusive,,
N40LMF,TURBO PLUS N40L MAITENANCE FRE,C014,PCS,"4,525.86","4,525.86",0,VAT @ 16%, exclusive,,
N40MF,TURBO PLUS N40 MAITENANCE FREE,C014,PCS,"4,525.86","4,525.86",0,VAT @ 16%, exclusive,,
N40S,TURBO N40S LED ACID VENTED,C014,PCS,"4,162.24","4,162.24",0,VAT @ 16%, exclusive,,
N40SL,TURBO N40SL LED ACID VENTED,C014,PCS,"4,162.24","4,162.24",0,VAT @ 16%, exclusive,,
N40SLMF,TURBO PLUS N40SL MAITENANCE FREE,C014,PCS,"4,781.00","4,781.00",0,VAT @ 16%, exclusive,,
N40SMF,TURBO PLUS N40S MAITENANCE FR,C014,PCS,"4,525.86","4,525.86",0,VAT @ 16%, exclusive,,
N70,TURBO N70 LED ACID VENTED,C014,PCS,"5,289.66","5,289.66",0,VAT @ 16%, exclusive,,
N70L,TURBO N70L LED ACID VENTED,C014,PCS,"5,289.66","5,289.66",0,VAT @ 16%, exclusive,,
N70LMF,TURBO PLUS N70L MAITENANCE FRE,C014,PCS,"6,982.76","6,982.76",0,VAT @ 16%, exclusive,,
N70MF,TURBO PLUS N70 MAITENANCE FREE,C014,PCS,"6,982.76","6,982.76",0,VAT @ 16%, exclusive,,
DIN55LMF,TURBO PLUS DIN55L MAINTENANCE,C014,PCS,"5,625.00","5,625.00",0,VAT @ 16%, exclusive,,
DIN55MF,TURBO PLUS DIN55 MAINTENANCE F,C014,PCS,"5,625.00","5,625.00",0,VAT @ 16%, exclusive,,
DIN88LMF,TURBO PLUS N40 MAINTENANCE FRE,C014,PCS,"8,432.00","8,432.00",0,VAT @ 16%, exclusive,,
NS40LMF,TURBO PLUS NS40LMF,C014,PCS,"4,781.00","4,781.00",0,VAT @ 16%, exclusive,,
NS40MF,TURBO PLUS NS40M MAITENANCE FR,C014,PCS,"4,781.00","4,781.00",0,VAT @ 16%, exclusive,,
NS40SLMF,TURBO PLUS NS40S MAITENANCE FR,C014,PCS,"4,781.00","4,781.00",0,VAT @ 16%, exclusive,,
NS40SMF,TURBO PLUS NS40S MAITENANCE FR,C014,PCS,"4,781.00","4,781.00",0,VAT @ 16%, exclusive,,
NS70,TURBO NS70 LED ACID VENTED,C014,PCS,"4,831.03","4,831.03",0,VAT @ 16%, exclusive,,
NS70L,TURBO NS70L LED ACID VENTED,C014,PCS,"4,831.03","4,831.03",0,VAT @ 16%, exclusive,,
NS70LMF,TURBO PLUS NS70L MAITENANCE FR,C014,PCS,"6,142.24","6,142.24",0,VAT @ 16%, exclusive,,
NS70MF,TURBO PLUS NS70 MAITENANCE FRE,C014,PCS,"6,142.24","6,142.24",0,VAT @ 16%, exclusive,,
TD70LMF,TURBO PLUS TD70LMF,C014,PCS,"5,625.00","5,625.00",0,VAT @ 16%, exclusive,,
TD70MF,TURBO PLUS TD70LMF,C014,PCS,"5,625.00","5,625.00",0,VAT @ 16%, exclusive,,
