Code,Name,Category Code,Unit Label,Distributor Price,Key Account Price,Alert Quantity,Tax Rate Name,Tax Method,Subcategory code,product Variants
S7903I100WE27,ER R SERV GLS 100W ES PEARL,INC,PCS,27.40000,29.15000,20,No Tax, exclusive,,
S7900I60WB22,ER R SERV GLS 60W BC PEARL,INC,PCS,27.40000,28.46000,20,No Tax, exclusive,,
S7898I40WB22,ER R SERV GLS B22 FROST,INC,PCS,27.40000,28.42000,20,No Tax, exclusive,,
S7901I60WE27,ER R SERV GLS 60W ES PEARL,INC,PCS,27.40000,28.42000,20,No Tax, exclusive,,
S7902I100WB22,ER R SERV GLS 100W BC PEARL,INC,PCS,27.40000,28.42000,20,No Tax, exclusive,,
S7899I40WE27,ER R SERV GLS 40W ES PEARL,INC,PCS,27.40000,27.72000,20,No Tax, exclusive,,
S7957F3U11WB15,CFL ENERGY SAVING 3U B15 11W,FLU,PCS,194.41000,204.53000,20,No Tax, exclusive,,
S7918F3U9WB22,ER CFL ENERGY SAVING 3U B22 9W,FLU,PCS,181.45000,190.90000,20,No Tax, exclusive,,
S7919F3U9WE27,ER CFL ENERGY SAVING 3U E27 9W,FLU,PCS,181.45000,190.90000,20,No Tax, exclusive,,
S7920F3U11WB22,ER CFL ENERGY SAVING 3U B22,FLU,PCS,181.45000,190.90000,20,No Tax, exclusive,,
S7921F3U11WE27,ER CFL ENERGY SAVING 3U E27,FLU,PCS,181.45000,190.90000,20,No Tax, exclusive,,
S7922F3U15WB22,ER CFL ENERGY SAVING 3U B22,FLU,PCS,181.45000,190.90000,20,No Tax, exclusive,,
S7923F3U15WE27,ER CFL ENERGY SAVING 3U E27,FLU,PCS,181.45000,190.90000,20,No Tax, exclusive,,
S7924F3U9WB22,ER CFL ENERGY SAVING 3U B22 9W,FLU,PCS,181.45000,190.90000,20,No Tax, exclusive,,
S7925F3U9WE27,ER CFL ENERGY SAVING 3U E27 9W,FLU,PCS,181.45000,190.90000,20,No Tax, exclusive,,
S7926F3U11WB22,ER CFL ENERGY SAVING 3U B22,FLU,PCS,181.45000,190.90000,20,No Tax, exclusive,,
S7927F3U11WE27,ER CFL ENERGY SAVING 3U E27,FLU,PCS,181.45000,190.90000,20,No Tax, exclusive,,
S7928F3U15WB22,ER CFL ENERGY SAVING 3U B22,FLU,PCS,181.45000,190.90000,20,No Tax, exclusive,,
S7929F3U15WE27,ER CFL ENERGY SAVING 3U E27,FLU,PCS,181.45000,190.90000,20,No Tax, exclusive,,
S7955F3U9WB15,CFL ENERGY SAVING 3U B15 9W,FLU,PCS,181.45000,190.90000,20,No Tax, exclusive,,
S7956F3U9WE14,CFL ENERGY SAVING 3U E14 9W,FLU,PCS,181.45000,190.90000,20,No Tax, exclusive,,
S7961F3U15WB15,CFL ENERGY SAVING 3U B15 15W,FLU,PCS,181.45000,190.90000,20,No Tax, exclusive,,
S7916F2U15WB22,ER CFL ENERGY SAVING 2U B22,FLU,PCS,137.50000,145.05000,20,No Tax, exclusive,,
S7908F2U11WB22,ER CFL ENERGY SAVING 2U B22,FLU,PCS,137.50000,145.02000,20,No Tax, exclusive,,
S7909F2U11WE27,ER CFL ENERGY SAVING 2U E27,FLU,PCS,137.50000,145.02000,20,No Tax, exclusive,,
S7910F2U15WB22,ER CFL ENERGY SAVING 2U B22,FLU,PCS,137.50000,145.02000,20,No Tax, exclusive,,
S7911F2U15WE27,ER CFL ENERGY SAVING 2U E27,FLU,PCS,137.50000,145.02000,20,No Tax, exclusive,,
S7912F2U7WB22,ER CFL ENERGY SAVING 2U B22 7W,FLU,PCS,137.50000,145.02000,20,No Tax, exclusive,,
S7913F2U7WE27,ER CFL ENERGY SAVING 2U E27 7W,FLU,PCS,137.50000,145.02000,20,No Tax, exclusive,,
S7914F2U11WB22,ER CFL ENERGY SAVING 2U B22,FLU,PCS,137.50000,145.02000,20,No Tax, exclusive,,
S7915F2U11WE27,ER CFL ENERGY SAVING 2U E27,FLU,PCS,137.50000,145.02000,20,No Tax, exclusive,,
S7917F2U15WE27,ER CFL ENERGY SAVING 2U E27,FLU,PCS,137.50000,145.02000,20,No Tax, exclusive,,
S7936F2U9WB22,CFL ENERGY SAVING 2U 450LMS,FLU,PCS,137.50000,145.02000,20,No Tax, exclusive,,
S7937F2U9WE27,ER CFL ENERGY SAVING 2U E27 9W,FLU,PCS,137.50000,145.02000,20,No Tax, exclusive,,
S7939F2U7WB15,ER CFL ENERGY SAVING 2U B15 7W,FLU,PCS,137.50000,145.02000,20,No Tax, exclusive,,
S7940F2U7WE14,ER CFL ENERGY SAVING 2U E14 7W,FLU,PCS,137.50000,145.02000,20,No Tax, exclusive,,
S7941F2U9WB15,CFL ENERGY SAVING 2U B15 9W,FLU,PCS,137.50000,145.02000,20,No Tax, exclusive,,
S7942F2U9WB15,CFL ENERGY SAVING 2U B15 9W,FLU,PCS,137.50000,145.02000,20,No Tax, exclusive,,
S7943F2U11WB15,CFL ENERGY SAVING 2U B15 11W,FLU,PCS,137.50000,145.02000,20,No Tax, exclusive,,
S7944F2U11WE14,CFL ENERGY SAVING 2U E14 11W,FLU,PCS,137.50000,145.02000,20,No Tax, exclusive,,
S7945F2U15WB15,CFL ENERGY SAVING 2U B15 15W,FLU,PCS,137.50000,145.02000,20,No Tax, exclusive,,
S7947F2U7WB15,CFL ENERGY SAVING 2U B15 7W,FLU,PCS,137.50000,145.02000,20,No Tax, exclusive,,
S7948F2U7WE14,CFL ENERGY SAVING 2U E14 7W,FLU,PCS,137.50000,145.02000,20,No Tax, exclusive,,
S7949F2U9WB15,CFL ENERGY SAVING 2U B15 9W,FLU,PCS,137.50000,145.02000,20,No Tax, exclusive,,
S7950F2U9WE14,CFL ENERGY SAVING 2U E14 9W,FLU,PCS,137.50000,145.02000,20,No Tax, exclusive,,
S7951F2U11WB15,CFL ENERGY SAVING 2U B15 11W,FLU,PCS,137.50000,145.02000,20,No Tax, exclusive,,
S7952F2U11WE14,CFL ENERGY SAVING 2U E14 11W,FLU,PCS,137.50000,145.02000,20,No Tax, exclusive,,
S7953F2U15WB15,CFL ENERGY SAVING 2U B15 15W,FLU,PCS,137.50000,145.02000,20,No Tax, exclusive,,
S7954F2U15WE14,CFL ENERGY SAVING 2U E14 15W,FLU,PCS,137.50000,145.02000,20,No Tax, exclusive,,
S7904F2U7WB22,ER CFL ENERGY SAVING 2U B22 7W,FLU,PCS,137.50000,143.98000,20,No Tax, exclusive,,
S7905F2U7WE27,ER CFL ENERGY SAVING 2U E27 7W,FLU,PCS,137.50000,143.98000,20,No Tax, exclusive,,
S7906F2U9WB22,ER CFL ENERGY SAVING 2U B22 9W,FLU,PCS,137.50000,143.98000,20,No Tax, exclusive,,
S7907F2U9WE27,ER CFL ENERGY SAVING 2U E27 9W,FLU,PCS,137.50000,143.98000,20,No Tax, exclusive,,
S7986F2U9WB22,CFL ENERGY SAVING 2U B22 9W,FLU,PCS,137.50000,0.00000,20,No Tax, exclusive,,
EL223APBP,6V  LITHIUM WATCH BATT.6/1,9,PCS,553.00000,597.24000,20,No Tax, exclusive,,
EL2CR5BP,6V LITHIUM PHOTO BATT. 6/1,9,PCS,510.00000,550.80000,20,No Tax, exclusive,,
CRV3BP1,3V. ENERG. PHOTO. BATT.,9,PCS,364.00000,393.00000,20,No Tax, exclusive,,
CR2 BP,3V. ENERG. PHOTO BATT.,9,PCS,360.00000,388.80000,20,No Tax, exclusive,,
EL123APBP2,3V LITHIUM PHOTO. BATT.,9,PCS,313.00000,338.00000,20,No Tax, exclusive,,
EL123APBP,3V  LITHIUM PHOTO BATT. 6/1,9,PCS,300.00000,324.00000,20,No Tax, exclusive,,
L91BP2,ENERGIZER AA SIZE-L91-LITHIUM,9,PCS,238.38000,257.45000,20,No Tax, exclusive,,
L92BP2,ENERGIZER AAA SIZE-L92-LITHIUM,9,PCS,207.50000,224.10000,20,No Tax, exclusive,,
ECR2430BP5,ENER.BATTERY ECR2430BP5,9,PCS,138.84000,149.94000,20,No Tax, exclusive,,
E90BP-2,1.5V ENERG. PHOTO BATT. 6/2,9,PCS,120.00000,129.60000,20,No Tax, exclusive,,
ECR1620BP5,ENER.BATTERY ECR1620BP5,9,PCS,84.00000,90.72000,20,No Tax, exclusive,,
A23BP-2,12V. ENERG. 2PK ELEC. BATT 6/2,9,PCS,78.84000,0.00000,20,No Tax, exclusive,,
A27BP1,12V. ENERGIZER BATTERY,9,PCS,66.18000,71.47000,20,No Tax, exclusive,,
371BP,1.5  SLVR WATCH BATT. 6/1,9,PCS,65.54000,70.78000,20,No Tax, exclusive,,
A23BP-1,12V. ENERG. ELEC. BATTERY,9,PCS,59.78000,64.56000,20,No Tax, exclusive,,
ECR2016BP,3V LITHIUM WATCH BATT. 6/1,9,PCS,54.00000,58.32000,20,No Tax, exclusive,,
ECR2025BP,3V LITHIUM WATCH BATT. 6/1,9,PCS,54.00000,58.32000,20,No Tax, exclusive,,
ECR2032BP,3V  LITHIUM WATCH BATT. 6/1,9,PCS,53.91000,58.22000,20,No Tax, exclusive,,
EP675E-6,MERC. BATT. 6/PK  H/A 10/6,9,PCS,53.05000,0.00000,20,No Tax, exclusive,,
364BP,1.5V SLVR WATCH  BATT. 6/1,9,PCS,42.00000,45.36000,20,No Tax, exclusive,,
377BP,1.5 V  SLVR WATCH BATT.  6/1,9,PCS,41.67000,45.00000,20,No Tax, exclusive,,
ECR2012BP5,ENER.BATTERY ECR2012BP5,9,PCS,35.00000,0.00000,20,No Tax, exclusive,,
A-76BP,1.5V ENER. WALL CLOCK BATT 6/1,9,PCS,22.38000,24.17000,20,No Tax, exclusive,,
"9 """" TUBE",LANTERN TUBE BULB,8,PCS,125.00000,127.13000,20,No Tax, exclusive,,
"""U""TUBE",LANTERN TUBE,8,PCS,120.00000,124.00000,20,No Tax, exclusive,,
KPR113,KRYPTON BULBS,8,PCS,64.90500,0.00000,20,No Tax, exclusive,,
KPR104,KRYPTON  BULBS,8,PCS,62.66000,65.00000,20,No Tax, exclusive,,
KPR102,KRYPTON BULBS,8,PCS,62.65000,0.00000,20,No Tax, exclusive,,
KPR103,KRYPTON  BULB,8,PCS,62.16000,64.00000,20,No Tax, exclusive,,
1404,FLASHLIGHT BULBS,8,PCS,40.34000,42.00000,20,No Tax, exclusive,,
1420B,MINIATURE BULB-1420B,8,PCS,40.34000,42.00000,20,No Tax, exclusive,,
1421,FLASHLIGHT BULBS,8,PCS,40.34000,42.00000,20,No Tax, exclusive,,
1405,MINITURE BULBS,8,PCS,39.34000,41.05000,20,No Tax, exclusive,,
1161,FLASHLIGHT BULBS,8,PCS,29.00000,30.00000,20,No Tax, exclusive,,
1162,FLASHLIGHT BULBS,8,PCS,21.75000,22.39000,20,No Tax, exclusive,,
1422,MINIATURE BULBS,8,PCS,19.30000,0.00000,20,No Tax, exclusive,,
1151,FLASHLIGHT BULBS,8,PCS,16.25000,24.61000,20,No Tax, exclusive,,
1155,FLASHLIGHT BULBS,8,PCS,16.25000,24.61000,20,No Tax, exclusive,,
TUFRC1,ENERG. RECHARG. SPOTLIGHT,7,PCS,"4,400.00000","4,444.00000",20,No Tax, exclusive,,
RCLED 2D,RCLED 2D,7,PCS,"3,200.00000","3,232.00000",20,No Tax, exclusive,,
RC 102,RECHARGEABLE LANTERN,7,PCS,"2,110.00000","2,278.80000",20,No Tax, exclusive,,
RC102,RC102 RECHARGEABLE LANTERN,7,PCS,"2,110.00000","2,278.80000",20,No Tax, exclusive,,
RC110-SK,RC110 RECHARGEABLE LANTERN,7,PCS,"2,110.00000","2,278.80000",20,No Tax, exclusive,,
PRO2AA1,HARDCASE PRO2AA1,7,PCS,"1,846.49000","1,994.21000",20,No Tax, exclusive,,
AV458G,AREA LANTERN AV458G,7,PCS,"1,589.00000","1,659.00000",20,No Tax, exclusive,,
PRO4AA,ENERGIZER HARDCASE AA SIZE,7,PCS,"1,585.00000","1,711.80000",20,No Tax, exclusive,,
MIL2A3,ENERG 2AA MILITARY LIGHT WB (2,7,PCS,"1,510.00000","1,525.00000",20,No Tax, exclusive,,
PRO2D1,HARDCASE PRO2D,7,PCS,"1,420.00000","1,533.60000",20,No Tax, exclusive,,
PROSW2AA,ENER HARDCASE PRO2AA LED SWIVE,7,PCS,"1,355.00000","1,463.40000",20,No Tax, exclusive,,
HD7L33AE,ENERGIZER 7LED HEADLIGHT,7,PCS,850.00000,935.00000,20,No Tax, exclusive,,
PRO123A,2AA INSPECTION LIGHT,7,PCS,820.00000,885.60000,20,No Tax, exclusive,,
MS2DLED,ENERG INDUSTRIAL 2D,7,PCS,805.00000,813.00000,20,No Tax, exclusive,,
AUTOLED,3D AUTO LANTERN,7,PCS,675.00000,695.25000,20,No Tax, exclusive,,
HDL33A,ENER 3AAA LED HEADLIGHT,7,PCS,670.00000,737.00000,20,No Tax, exclusive,,
RCE2AA2,2AA E-SERIES RECHARGEABLE LIGH,7,PCS,660.00000,0.00000,20,No Tax, exclusive,,
HD4L33AE,ENERGIZER 4LED HEADLIGHT,7,PCS,640.00000,704.00000,20,No Tax, exclusive,,
FNL2B1,ENERGIZER TRIM FLEX LED,7,PCS,431.00000,474.10000,20,No Tax, exclusive,,
MS2ALED,ENERG INDUSTRIAL 2AA,7,PCS,418.00000,422.00000,20,No Tax, exclusive,,
LED2BU1,HI-TECH LED ENERGIZER  KEYRING,7,PCS,385.00000,423.50000,20,No Tax, exclusive,,
FNL2BUIX2,ENERGIZER TRIM FLEX LIGHT,7,PCS,350.00000,385.00000,20,No Tax, exclusive,,
HDL2BU1,LED HEAD LIGHT,7,PCS,300.00000,330.00000,20,No Tax, exclusive,,
CLED4AA,ENERGIZER LED FLASHLIGHT,7,PCS,280.00000,0.00000,20,No Tax, exclusive,,
DOL2D2,2D DOLPHIN LIGHT,7,PCS,273.00000,281.00000,20,No Tax, exclusive,,
EC4D2,4D LANTERN,7,PCS,265.00000,291.50000,20,No Tax, exclusive,,
PL314M,EVEREADY EASY LIGHT,7,PCS,257.00000,282.70000,20,No Tax, exclusive,,
HAT2BU1,LED HAT LIGHT,7,PCS,250.00000,275.00000,20,No Tax, exclusive,,
WP251,2D WATER PROOF FLASH.,7,PCS,242.00000,0.00000,20,No Tax, exclusive,,
LP212,ENERGIZER 2AAA PENLIGHT,7,PCS,239.00000,262.90000,20,No Tax, exclusive,,
DOL2A2,2AA DOLPHIN LIGHT,7,PCS,217.00000,0.00000,20,No Tax, exclusive,,
ECLED4AA,4AA LED PLASTIC LIGHT,7,PCS,215.00000,221.00000,20,No Tax, exclusive,,
3857 LED 1,3D LED STEEL LIGHT,7,PCS,197.00000,206.00000,20,No Tax, exclusive,,
LEDONE PROMO,LEDONE PROMO WITH FREE 1050,7,PCS,193.00000,212.30000,20,No Tax, exclusive,,
HDCL2BU,EVEREADY LED CLIP HEADLIGHT,7,PCS,185.00000,190.56000,20,No Tax, exclusive,,
LEDONE RVSMBK,EVEREADY LED ONE (BULK),7,PCS,180.00000,198.00000,20,No Tax, exclusive,,
VAL2D2,BRILLIANT BEAM 2D2,7,PCS,168.00000,185.00000,20,No Tax, exclusive,,
E350,3D BIG RED PLASTIC LITE,7,PCS,162.81000,179.09000,20,No Tax, exclusive,,
3853 PROMO.,2D STEELITE+BATTERIES,7,PCS,161.76000,166.61000,20,No Tax, exclusive,,
ECLED2AA,2AA LED PLASTIC LIGHT,7,PCS,160.00000,0.00000,20,No Tax, exclusive,,
3853 LED 1,2D LED STEEL LIGHT,7,PCS,159.00000,165.00000,20,No Tax, exclusive,,
E250 RED ASS PR,E250 PLASTIC F/LIGHT + BATT AS,7,PCS,156.00000,171.60000,20,No Tax, exclusive,,
E250 RED PROMO,E250 2D PLASTIC F/LIGHT + BATT,7,PCS,156.00000,171.60000,20,No Tax, exclusive,,
EC2D3WB,EC2D3WB JAZZ LIGHT +  BATT.,7,PCS,156.00000,171.60000,20,No Tax, exclusive,,
LED3BUI,EVEREADY LED KEY CHAIN LIGHT,7,PCS,150.00000,165.00000,20,No Tax, exclusive,,
P212,ENERGIZER 2AAA PENLIGHT,7,PCS,150.00000,0.00000,20,No Tax, exclusive,,
E250-B,2D PLASTIC LIGHT (B),7,PCS,135.00000,0.00000,20,No Tax, exclusive,,
E250PR,2D PLASTIC LIGHT+BATTERIES,7,PCS,135.00000,0.00000,20,No Tax, exclusive,,
E250WB-BP.,2D PLASTIC LIGHT + 2 BATT.,7,PCS,135.00000,0.00000,20,No Tax, exclusive,,
E420,4AA BIG RED CLIP LITE,7,PCS,127.40000,0.00000,20,No Tax, exclusive,,
E220 ASS PROMO,E220  F/LIGHT + BATT ASS COLOR,7,PCS,125.00000,137.50000,20,No Tax, exclusive,,
E220 RED PROMO,E220 AA FLASHLIGHT + BATTERIES,7,PCS,125.00000,137.50000,20,No Tax, exclusive,,
E220PROMO.,2AA FLASHLIGHT+BATTERIES,7,PCS,125.00000,0.00000,20,No Tax, exclusive,,
VAL2AA2,BRILLIANT BEAM 2AA,7,PCS,117.00000,120.00000,20,No Tax, exclusive,,
E250 ASSORTED,E250 D PLASTIC F/LIGHT ASS COL,7,PCS,105.00000,115.50000,20,No Tax, exclusive,,
E250 RED,E250 2D PLASTIC FLASHLIGHT,7,PCS,105.00000,115.50000,20,No Tax, exclusive,,
E250,E250 2D PLASTIC LIGHT,7,PCS,105.00000,0.00000,20,No Tax, exclusive,,
EC2A3WB,EC2A3WB JAZZ LIGHT + 2 BATT.,7,PCS,100.00000,110.00000,20,No Tax, exclusive,,
EC2DPROMO,EC2D2 + 2 BATTERIES,7,PCS,100.00000,0.00000,20,No Tax, exclusive,,
E220 RED,E220 2AA BIG RED FLASHLIGHTS,7,PCS,91.00000,100.10000,20,No Tax, exclusive,,
E220 ASSORTED,E220 BIG RED F/LIGHT ASS COLOR,7,PCS,91.00000,100.00000,20,No Tax, exclusive,,
E220K,2AA BIG RED FLASHLIGHT,7,PCS,91.00000,0.00000,20,No Tax, exclusive,,
EC2D2,2D2 LOW COST FLASHLIGHT,7,PCS,67.47300,69.49720,20,No Tax, exclusive,,
EC2AA2,2AA2 LOW COST FLASHLIGHT,7,PCS,38.77200,39.93520,20,No Tax, exclusive,,
CHFMW4B,ENERG. EASY CHARGER,6,PCS,"1,970.00000","2,127.60000",20,No Tax, exclusive,,
CHCCWB4,ENER. COMPACT CHARGER,6,PCS,"1,746.00000","1,885.68000",20,No Tax, exclusive,,
CHDCW4B.,CHDCW4B- AA/AAA CHARGER.,6,PCS,"1,598.79000","1,726.70000",20,No Tax, exclusive,,
CHVC2WB2,ENERG. VALUE CHARGER,6,PCS,985.00000,0.00000,20,No Tax, exclusive,,
CH2PC-900,ENERG. MINI CHARGER,6,PCS,707.18000,0.00000,20,No Tax, exclusive,,
CH2PC3,ENERGIZER MINI CHARGER 2X700MA,6,PCS,700.00000,756.00000,20,No Tax, exclusive,,
NH22BP1-175MAH,RECH. ENERG. 9V.-NH22BP1,6,PCS,581.56000,628.08000,20,No Tax, exclusive,,
NH15BP2-2500,RECH. ENERG. AA SIZE-NH15P2,6,PCS,273.67000,296.00000,20,No Tax, exclusive,,
NH15BP2,RECH. ENERG. AA SIZE-NH15P2,6,PCS,273.67000,295.56000,20,No Tax, exclusive,,
NH15BP4,RECH. ENERG. AA SIZE-NH15P4,6,PCS,260.00000,280.80000,20,No Tax, exclusive,,
NH15VBP4-200MAH,RECH. ENER. AA SIZE NH15VBP4,6,PCS,194.40000,0.00000,20,No Tax, exclusive,,
NH12BP2,RECH. ENERG. AAA SIZE-NH12BP2,6,PCS,166.10000,179.39000,20,No Tax, exclusive,,
NH15VBP2-200MAH,RECH. ENER. AA SIZE NH15VBP2,6,PCS,164.16667,0.00000,20,No Tax, exclusive,,
CH50BP2,RECH.  BATT.  D  SIZE-CH50BP2,6,PCS,112.00000,0.00000,20,No Tax, exclusive,,
CH15BP2,RECH. BATT. AA SIZE-CH15BP2,6,PCS,66.00000,0.00000,20,No Tax, exclusive,,
522BP1-LL,522-9V-BP1-LL Formula,5,PCS,257.43000,278.03000,20,No Tax, exclusive,,
522BP1-MAX,ENERG. 9VOLTS- 522BP1-MAX,5,PCS,257.43000,278.03000,20,No Tax, exclusive,,
522BP1-AF,ENERGIZER 9 VOLTS-522-AF,5,PCS,229.00000,0.00000,20,No Tax, exclusive,,
E95BP2-LL,E95-D-BP2-LL Formula,5,PCS,179.21000,193.55000,20,No Tax, exclusive,,
E95BP2-MAX,ENERG. D SIZE- E95BP2-MAX,5,PCS,179.21000,193.55000,20,No Tax, exclusive,,
E93BP2-LL,E93-C-BP2-LL Formula,5,PCS,151.25000,163.35000,20,No Tax, exclusive,,
E93BP2-MAX,ENERG. C SIZE-E93BP2-MAX,5,PCS,151.25000,163.35000,20,No Tax, exclusive,,
522,ENERGIZER 9 VOLTS-522,5,PCS,138.87709,0.00000,20,No Tax, exclusive,,
E95BP2,ENERGIZER D SIZE-E95BP2,5,PCS,82.51110,0.00000,20,No Tax, exclusive,,
E96BP-2,ENERGIZER  SIZE-AAAA  12/2,5,PCS,75.00000,81.77500,20,No Tax, exclusive,,
E91BP2-LL,E91-AA-BP2-LL Formula,5,PCS,69.16000,74.70000,20,No Tax, exclusive,,
E91BP2-MAX,ENERG. AA SIZE- E91BP2-MAX,5,PCS,69.16000,74.70000,20,No Tax, exclusive,,
E92BP2-LL,E92-AAA-BP2-LL Formula,5,PCS,69.16000,74.70000,20,No Tax, exclusive,,
E92BP2-MAX,ENERG. AAA SIZE-E92BP2-MAX,5,PCS,69.16000,74.70000,20,No Tax, exclusive,,
E91BP4-LL,E91-AA-BP4-LL Formula,5,PCS,66.00000,71.28000,20,No Tax, exclusive,,
E91BP4-MAX,ENERG. AA SIZE- E91BP4-MAX,5,PCS,66.00000,71.28000,20,No Tax, exclusive,,
E92BP4-LL,E92-AAA-BP 4-LL Formula,5,PCS,66.00000,71.28000,20,No Tax, exclusive,,
E92BP4-MAX,ENERGIZER AAA SIZE E92BP4-MAX,5,PCS,66.00000,71.28000,20,No Tax, exclusive,,
E91BP4,ENERGIZER AA SIZE-E91BP4,5,PCS,61.00000,0.00000,20,No Tax, exclusive,,
E91BP2-AF,ENERGIZER AA SIZE E91BP2-AF,5,PCS,60.00000,0.00000,20,No Tax, exclusive,,
E92BP4-AF,ENERGIZER AAA SIZE E92BP4-AF,5,PCS,58.00000,0.00000,20,No Tax, exclusive,,
E91BP2,ENERGIZER AA SIZE-E91BP2,5,PCS,53.00000,0.00000,20,No Tax, exclusive,,
E91BP4(3+1)LL,E91-AA-BP 3+1free-LL Formula,5,PCS,50.93000,55.00000,20,No Tax, exclusive,,
E91BP4(3+1)MAX,ENERG. AA SIZE- E91BP4(3+1)MAX,5,PCS,50.93000,55.00000,20,No Tax, exclusive,,
E92BP4(3+1) MAX,ENERG. AAA- E92BP4(3+1)MAX,5,PCS,50.93000,55.00000,20,No Tax, exclusive,,
E92BP4(3+1)-LL,E92-AAA-BP 3+1free-LL Formula,5,PCS,50.93000,55.00000,20,No Tax, exclusive,,
A92BP1X12,ENERGIZER AAA SIZE A92BP1X12,5,PCS,46.96000,50.71000,20,No Tax, exclusive,,
A91BP1X12,ENERGIZER AA SIZE A91BP1X12,5,PCS,46.96000,0.00000,20,No Tax, exclusive,,
A91BP2-AF,ENERG. AA SIZE - A91BP2-AF,5,PCS,46.12000,50.00000,20,No Tax, exclusive,,
A92BP2-EG,EVEREADY GOLD A92BP2,5,PCS,46.12000,50.00000,20,No Tax, exclusive,,
A91BP2-EG,EVEREADY GOLD - A91BP2,5,PCS,46.12000,49.81000,20,No Tax, exclusive,,
A92BP2,ENERGIZER AAA BATTERY,5,PCS,46.12000,0.00000,20,No Tax, exclusive,,
A91BP4-EG,EVEREADY GOLD A91BP4,5,PCS,46.00000,50.00000,20,No Tax, exclusive,,
A92BP4-EG,EVEREADY GOLD A92BP4,5,PCS,46.00000,49.81250,20,No Tax, exclusive,,
A91BP20-EG,EVEREADY GOLD - A91BP20,5,PCS,45.94000,49.62000,20,No Tax, exclusive,,
E91BP6(4+2)-LL,E91-AA-BP 4+2free-LL Formula,5,PCS,43.92000,47.44000,20,No Tax, exclusive,,
E91BP6(4+2)-MAX,ENERG. AA SIZE E91BP6(4+2)-MAX,5,PCS,43.92000,47.44000,20,No Tax, exclusive,,
E92BP6(4+2)-LL,E92-AAA-BP 4+2free-LL Formula,5,PCS,43.92000,47.44000,20,No Tax, exclusive,,
E92BP6(4+2)MAX,ENERG. AAA E92BP6(4+2)-MAX,5,PCS,43.92000,47.44000,20,No Tax, exclusive,,
E91BP6(4+2)-AF,ENERG. AA SIZE E91BP6(4+2)-AF,5,PCS,39.00000,0.00000,20,No Tax, exclusive,,
E92BP6(4+2),ENERG. AA SIZE E92BP6(4+2)-MAX,5,PCS,38.77000,41.88000,20,No Tax, exclusive,,
E91BP1-AF,ENERGIZER AA SIZE E91BP1-AF,5,PCS,28.24860,0.00000,20,No Tax, exclusive,,
E91BP4-OLT,ENERGIZER AA SIZE - E91BP4-OLT,5,PCS,26.60363,0.00000,20,No Tax, exclusive,,
1222BP1-1,1222 BP1 BLACK 9V BLISTER PACK,4,PCS,74.24000,81.67000,20,No Tax, exclusive,,
1222SW-1,1222SW1 BLACK 9V SHRINK WRAP,4,PCS,71.88000,79.06000,20,No Tax, exclusive,,
216,RED   9 VOLT - 216,4,PCS,63.68000,70.00000,20,No Tax, exclusive,,
1012 AAA SW4 RE,AAA SW4 RED,3A,PCS,33.00000,40.00000,20,No Tax, exclusive,,
1012BP2,EVEREADY AAA 1012BP2,3A,PCS,14.81000,16.30000,20,No Tax, exclusive,,
1012BP20,EVEREADY AAA 1012BP20,3A,PCS,11.88000,13.06000,20,No Tax, exclusive,,
1012BP4,EVEREADY AAA 1012BP4,3A,PCS,11.86000,13.05000,20,No Tax, exclusive,,
1012SW4,1012SW4-CARBON ZINC AAA,3A,PCS,11.86000,13.05000,20,No Tax, exclusive,,
912SW4,EVEREADY AAA 912SW4,3A,PCS,8.90000,9.79000,20,No Tax, exclusive,,
950/915COM/PACK,BLUE SIZE D/AA-950/915COM/PACK,3,PCS,131.70960,0.00000,20,No Tax, exclusive,,
1215BP2,BLACK AA SIZE 1215BP2,3,PCS,19.55000,21.50000,20,No Tax, exclusive,,
1215BP2(6X2),ZN.CHL. AA SIZE-1215BP2(6X2),3,PCS,19.50000,20.08000,20,No Tax, exclusive,,
1215BP4(6X4),ZN. CHL.AA SIZE-1215BP4(6X4),3,PCS,18.62000,19.20000,20,No Tax, exclusive,,
1215BBP4,BLACK AA SIZE-1215BBP4,3,PCS,17.69000,19.46000,20,No Tax, exclusive,,
1215BP4 PERFO,1215BP4 PERFO,3,PCS,17.69000,19.46000,20,No Tax, exclusive,,
1015BP2,RED AA SIZE-1015BP2,3,PCS,16.14000,17.75000,20,No Tax, exclusive,,
1015BP2(6X2),RED AA SIZE-1015BP2(6X2),3,PCS,15.20000,15.66000,20,No Tax, exclusive,,
1015BP4(6*4),RED AA SIZE-1015BP4(6X4),3,PCS,15.20000,15.66000,20,No Tax, exclusive,,
1015BP2X10,RED AA SIZE-1015BP2X10,3,PCS,14.69000,16.16000,20,No Tax, exclusive,,
1015BP4,RED AA SIZE-1015BP4,3,PCS,14.62000,16.08000,20,No Tax, exclusive,,
1015TP1,AA 1015TP1 PROMO,3,PCS,14.37500,0.00000,20,No Tax, exclusive,,
1015TP1-PROMO,AA 1015TP1 PROMO,3,PCS,14.37500,0.00000,20,No Tax, exclusive,,
1015BP4  PERFO,1015BP4  PERFO,3,PCS,13.95000,16.08000,20,No Tax, exclusive,,
1215BP4(3+1),ZN.CHL.AA SIZE- 1215BP4(3+1),3,PCS,9.47000,0.00000,20,No Tax, exclusive,,
915B,BLUE AA SIZE-915B,3,PCS,9.22000,10.14000,20,No Tax, exclusive,,
1015BP4(3+1),RED AA SIZE-1015BP4(3+1),3,PCS,7.36000,0.00000,20,No Tax, exclusive,,
1015-TP1 PLAIN,AA 1015TP1 PLAIN,3,PCS,7.05000,7.76000,20,No Tax, exclusive,,
1035BP2,RED C SIZE-1035BP2,2,PCS,31.92000,35.11000,20,No Tax, exclusive,,
1035MJSW2,RED  C  SIZE - 1035MJSW2,2,PCS,31.92000,35.11000,20,No Tax, exclusive,,
1235BP2,BLACK C SIZE-1235BP2,2,PCS,17.68000,0.00000,20,No Tax, exclusive,,
1250SW12,ZN.CHL.D SIZE-1250SW12B144,1A,PCS,25.21470,0.00000,20,No Tax, exclusive,,
1050 SW4,RED D SIZE - 1050 SW4,1A,PCS,24.00000,24.00000,20,No Tax, exclusive,,
1250SW2 BLK-2,ZN.CHL.D SIZE-1250SW2B144,1A,PCS,22.16660,0.00000,20,No Tax, exclusive,,
1050BP2,RED D SIZE-1050BP2,1A,PCS,17.43000,0.00000,20,No Tax, exclusive,,
950SW2-IMP.,BLUE D SIZE-950SW2IMPORTED,1A,PCS,14.30000,0.00000,20,No Tax, exclusive,,
950/915PROMO.,BLUE D SIZE-950/915PROMO.,1A,PCS,13.00000,0.00000,20,No Tax, exclusive,,
N70LMF,TURBO PLUS N70L MAITENANCE FRE,11,PCS,"6,634.00000","6,982.76000",20,No Tax, exclusive,,
N70MF,TURBO PLUS N70 MAITENANCE FREE,11,PCS,"6,634.00000","6,982.76000",20,No Tax, exclusive,,
DIN88LMF,TURBO PLUS N40 MAINTENANCE FRE,11,PCS,"6,582.00000","8,432.00000",20,No Tax, exclusive,,
NS70MF,TURBO PLUS NS70 MAITENANCE FRE,11,PCS,"5,935.00000","6,142.24000",20,No Tax, exclusive,,
TD70LMF,TURBO PLUS TD70LMF,11,PCS,"5,399.00000","5,625.00000",20,No Tax, exclusive,,
TD70MF,TURBO PLUS TD70LMF,11,PCS,"5,399.00000","5,625.00000",20,No Tax, exclusive,,
DIN55LMF,TURBO PLUS DIN55L MAINTENANCE,11,PCS,"5,218.00000","5,625.00000",20,No Tax, exclusive,,
DIN55MF,TURBO PLUS DIN55 MAINTENANCE F,11,PCS,"5,218.00000","5,625.00000",20,No Tax, exclusive,,
N70,TURBO N70 LED ACID VENTED,11,PCS,"4,671.00000","5,289.66000",20,No Tax, exclusive,,
N70L,TURBO N70L LED ACID VENTED,11,PCS,"4,671.00000","5,289.66000",20,No Tax, exclusive,,
NS70,TURBO NS70 LED ACID VENTED,11,PCS,"4,259.00000","4,831.03000",20,No Tax, exclusive,,
NS70L,TURBO NS70L LED ACID VENTED,11,PCS,"4,259.00000","4,831.03000",20,No Tax, exclusive,,
N40SLMF,TURBO PLUS N40SL MAITENANCE FR,11,PCS,"4,050.00000","4,781.00000",20,No Tax, exclusive,,
NS40SMF,TURBO PLUS NS40S MAITENANCE FR,11,PCS,"4,050.00000","4,781.00000",20,No Tax, exclusive,,
N40LMF,TURBO PLUS N40L MAITENANCE FRE,11,PCS,"4,050.00000","4,525.86000",20,No Tax, exclusive,,
N40MF,TURBO PLUS N40 MAITENANCE FREE,11,PCS,"4,050.00000","4,525.86000",20,No Tax, exclusive,,
N40SMF,TURBO PLUS N40S MAITENANCE FR,11,PCS,"4,050.00000","4,525.86000",20,No Tax, exclusive,,
N40,TURBO N40 LED ACID VENTED,11,PCS,"3,410.00000","4,162.24000",20,No Tax, exclusive,,
N40L,TURBO N40L LED ACID VENTED,11,PCS,"3,410.00000","4,162.24000",20,No Tax, exclusive,,
N40S,TURBO N40S LED ACID VENTED,11,PCS,"3,410.00000","4,162.24000",20,No Tax, exclusive,,
N40SL,TURBO N40SL LED ACID VENTED,11,PCS,"3,410.00000","4,162.24000",20,No Tax, exclusive,,
NS40MF,TURBO PLUS NS40M MAITENANCE FR,11,PCS,"3,098.00000","4,781.00000",20,No Tax, exclusive,,
NS40SLMF,TURBO PLUS NS40S MAITENANCE FR,11,PCS,"3,095.00000",0.00000,20,No Tax, exclusive,,
NS70LMF,TURBO PLUS NS70L MAITENANCE FR,11,PCS,"2,968.00000","6,142.24000",20,No Tax, exclusive,,
1001TBA,TURBO BATTERY ACID,11,PCS,51.00000,63.00000,20,No Tax, exclusive,,
1001TBW,TURBO BATTERY WATER,11,PCS,33.00000,40.00000,20,No Tax, exclusive,,
7508498B,INTUITION KIT 2 SENSITIVE,10,PCS,575.00000,0.00000,20,No Tax, exclusive,,
7510608A,INTUITION KIT 2 SENSITIVE,10,PCS,503.82000,554.20000,20,No Tax, exclusive,,
7510591A,QUATTRO TITANIUM NG KIT,10,PCS,472.43000,0.00000,20,No Tax, exclusive,,
751160A,QUATTRO TITANIUM KIT 1,10,PCS,470.21000,519.67000,20,No Tax, exclusive,,
7510136A,QUATTRO TITANIUM KIT 1,10,PCS,366.65000,0.00000,20,No Tax, exclusive,,
31.6427 A,QUATTRO MIDNIGHT KIT,10,PCS,321.89000,331.55000,20,No Tax, exclusive,,
7510943A,SILK EFFECT BUTTERFLY KIT,10,PCS,314.89000,346.38000,20,No Tax, exclusive,,
7510029A,SILK EFFECTS GARDEN KIT,10,PCS,276.81200,0.00000,20,No Tax, exclusive,,
7506342B,XTREME SUB-ZERO 3 KIT,10,PCS,256.78000,282.46000,20,No Tax, exclusive,,
7510944A,SILK EFFECTS 3 FLORAL KIT,10,PCS,235.34000,0.00000,20,No Tax, exclusive,,
7510642A,QUATTRO TITANIUM NG REFILL 2's,10,PCS,192.50000,0.00000,20,No Tax, exclusive,,
31.8490A,INTUITION REFILS,10,PCS,188.64870,194.31000,20,No Tax, exclusive,,
7510822B,Schcik Quattro Tit Refills 4s,10,PCS,141.19000,155.31000,20,No Tax, exclusive,,
7510234A,QUATTRO TITANIUM REFIL 4's,10,PCS,136.82750,0.00000,20,No Tax, exclusive,,
7510163A,QUATTRO TITANIUM NG REFIL 4's,10,PCS,136.77500,0.00000,20,No Tax, exclusive,,
7510607A,INTUITION REFILS,10,PCS,123.75000,136.13000,20,No Tax, exclusive,,
7508490B,INTUITION PLUS REFILLS,10,PCS,123.75000,0.00000,20,No Tax, exclusive,,
7510709A,EXACTA II SYSTEM KIT,10,PCS,100.88000,110.96000,20,No Tax, exclusive,,
7510945A,SILK EFFECTS REFILL 3's FLORAL,10,PCS,94.22000,103.64000,20,No Tax, exclusive,,
7506344A,SCHICK XTREME 3 REFILL 4's,10,PCS,77.38000,85.12000,20,No Tax, exclusive,,
75087300,ULTRA BLUE PLUS REFILL 4's,10,PCS,68.88500,0.00000,20,No Tax, exclusive,,
7510027A,SILK EFFECTS REFILL 3's GARDEN,10,PCS,60.26430,0.00000,20,No Tax, exclusive,,
7510640A,SILK EFFECTS REFILL 3's BUTTER,10,PCS,60.26330,0.00000,20,No Tax, exclusive,,
7503425E,EXACTA II WOMEN 5's,10,PCS,46.00000,48.00000,20,No Tax, exclusive,,
7511985B,EXACTA 2 REGULAR 2*12,10,PCS,39.20000,41.17000,20,No Tax, exclusive,,
7510711A,Schcik Exacta 2Refills 2s,10,PCS,38.97000,42.87000,20,No Tax, exclusive,,
7511984B,EXACTA 2 SENS 2*12,10,PCS,31.64000,33.22000,20,No Tax, exclusive,,
7503515E,EXTRA II SEN 5'S,10,PCS,31.29000,0.00000,20,No Tax, exclusive,,
7503405E,EXACTA II REGULAR 5's,10,PCS,28.33000,29.75000,20,No Tax, exclusive,,
7510516A,EXACTA II SENSITIVE 24's,10,PCS,26.14000,0.00000,20,No Tax, exclusive,,
7503427C,EXACTA 2 WOMAN 5+2,10,PCS,23.53000,24.99656,20,No Tax, exclusive,,
7503417C,EXACTA 2 SENSITIVE 5+2,10,PCS,23.53000,24.70000,20,No Tax, exclusive,,
7503415C,EXACTA II SENSITIVE 5's,10,PCS,23.53000,0.00000,20,No Tax, exclusive,,
7510515A,EXACTA II REQULAR 24's,10,PCS,22.88000,0.00000,20,No Tax, exclusive,,
7511125A,EXACTA II REGULAR 5's w/stk,10,PCS,22.56000,0.00000,20,No Tax, exclusive,,
3197 D,EXTRA II SEN 5+2,10,PCS,22.35000,24.58500,20,No Tax, exclusive,,
31.3427.A,EII Woman 5+2 free,10,PCS,22.35000,23.02000,20,No Tax, exclusive,,
7510431A,SCHICK 2 HANGER SET 12X2,10,PCS,18.85000,19.79000,20,No Tax, exclusive,,
7510458A,SCHICK 2  5's,10,PCS,15.90000,16.69000,20,No Tax, exclusive,,
1250SW10B100,ZN.CHL. D SIZE-1250SW10-B100,1,PCS,41.00000,41.00000,20,No Tax, exclusive,,
1250SW2B100IMP,ZN.CHL.D SIZE-1250SW2B100,1,PCS,41.00000,41.00000,20,No Tax, exclusive,,
1250 R20P,ZN.CHL.D SIZE - 1250 R20P,1,PCS,30.50000,32.03000,20,No Tax, exclusive,,
1250SW2B100,ZN.CHL.D SIZE-1250SW2B100,1,PCS,30.50000,32.03000,20,No Tax, exclusive,,
1250 R20P-E,ZN. CHL. D SIZE-1250 R20P-E,1,PCS,30.50000,26.78000,20,No Tax, exclusive,,
1050SW10B100,RED D SIZE - 1050SW2D10-B100,1,PCS,24.00000,25.20000,20,No Tax, exclusive,,
1050SW2 B100,RED D SIZE -1050SW2B100,1,PCS,24.00000,25.20000,20,No Tax, exclusive,,
1050SW2B100IMP,RED D SIZE -1050SW2B100,1,PCS,24.00000,25.20000,20,No Tax, exclusive,,
1050,RED  D  SIZE  -  1050,1,PCS,23.02000,0.00000,20,No Tax, exclusive,,
1050SW4 B96,RED D SIZE- 1050SW4 B96,1,PCS,22.85000,24.00000,20,No Tax, exclusive,,
1250BP2,BLACK D SIZE-1250BP2,1,PCS,22.44000,0.00000,20,No Tax, exclusive,,
1050/1015PROMO.,RED D SIZE 1050/1015BP2X10,1,PCS,22.31000,0.00000,20,No Tax, exclusive,,
950SW10,BLUE D SIZE-950SW10,1,PCS,20.00000,21.00000,20,No Tax, exclusive,,
950SW2B100IMP,BLUE D SIZE-950SW2B100IMP,1,PCS,20.00000,21.00000,20,No Tax, exclusive,,
950SW2-E,BLUE D SIZE-950SW2-E x 288,1,PCS,17.59940,17.35789,20,No Tax, exclusive,,
950SW12B144,950 SW12,1,PCS,17.59170,0.00000,20,No Tax, exclusive,,
1050SW10 PROMO,RED D SIZE 1050SW10 PR + 1012,1,PCS,16.86000,0.00000,20,No Tax, exclusive,,
950/1050B144,144 (950/1050) PROMO,1,PCS,16.58250,0.00000,20,No Tax, exclusive,,
950SW6B144,BLUE D SIZE - 950SW6B144,1,PCS,16.50000,0.00000,20,No Tax, exclusive,,
950SW10O,BLUE D SIZE- 950SW10O,1,PCS,15.07500,0.00000,20,No Tax, exclusive,,
950SW10PROMO.,BLUE D SIZE-950PROMO.,1,PCS,14.30000,0.00000,20,No Tax, exclusive,,
950SW10-E,BLUE D SIZE-950SW10-E,1,PCS,14.27220,0.00000,20,No Tax, exclusive,,
950SW10A,BLUE D SIZE- 950SW10A,1,PCS,10.86000,0.00000,20,No Tax, exclusive,,
950SW10B,BLUE D SIZE- 950SW10B,1,PCS,10.86000,0.00000,20,No Tax, exclusive,,
950SW10E,BLUE D SIZE- 950SW10E,1,PCS,10.86000,0.00000,20,No Tax, exclusive,,
J18034,TECHNICAL WHITE OIL # 22,###,EACH,895.57000,0.00000,20,No Tax, exclusive,,
FVR-13,BRAKE LINNING - ISUZU FVR 13,9B,,"6,600.00000",0.00000,20,No Tax, exclusive,,
FUSO-517,BRAKE LINNINGS - FUSO 517,9B,,"6,375.00000",0.00000,20,No Tax, exclusive,,
EOL,RIMULA DIESEL ENGINE OIL,9B,,"4,172.00000",0.00000,20,No Tax, exclusive,,
T10,TRUCKTUBES  1000 X 20,9B,,"1,806.30000",0.00000,20,No Tax, exclusive,,
DSF,TRUCK DIESEL FILTERS,9B,,533.83000,0.00000,20,No Tax, exclusive,,
OF,TRUCK OIL FILTERS,9B,,533.83000,0.00000,20,No Tax, exclusive,,
GRS,GENERAL PURPOSE GREASE,9B,,44.05800,0.00000,20,No Tax, exclusive,,
DSL,AUTOMOTIVE DIESEL,9B,,43.22000,0.00000,20,No Tax, exclusive,,
SDR,SALESMAN DAILY REPORT BOOKS,9B,,42.50000,0.00000,20,No Tax, exclusive,,
HGRS,HEAVY DUTY WHITE GREASE,9B,,38.23500,0.00000,20,No Tax, exclusive,,
BW,BATTERY WATER,9B,,20.00000,0.00000,20,No Tax, exclusive,,
DOL,GEARBOX & DIFFERENTIAL OIL,9B,,17.35000,0.00000,20,No Tax, exclusive,,
L522FP,9V LITHIUM ENERG BATT. 6/1,9,,488.85000,0.00000,20,No Tax, exclusive,,
504BP,15V ELECTRONIC BATT. 12/1,9,,218.95000,0.00000,20,No Tax, exclusive,,
3823P,2D STANDARD SPOTLIGHT,9,,175.63000,0.00000,20,No Tax, exclusive,,
544BP,6V ENERG. PHOTO BATT. 6/1,9,,149.30000,0.00000,20,No Tax, exclusive,,
EPX76BP,1.5V ENER WALL CLOCK BATT. 6/1,9,,113.00000,0.00000,20,No Tax, exclusive,,
3822P,2D FOCUSING  HANDYLIGHT,9,,98.56000,0.00000,20,No Tax, exclusive,,
A-544BP,6V ENERG. PHOTO BATT. 6/1,9,,91.30000,0.00000,20,No Tax, exclusive,,
539BP,6V ENERG. BATT. SIZE J  6/1,9,,77.60000,0.00000,20,No Tax, exclusive,,
EAC10E,H.A.MINITURE BATTERIES,9,,70.00000,0.00000,20,No Tax, exclusive,,
EAC13E,H.A.MINITURES BATTERY,9,,53.05000,0.00000,20,No Tax, exclusive,,
EAC312E,H.A.MINITURE BATTERIES,9,,53.05000,0.00000,20,No Tax, exclusive,,
394BP,1.5V SLVR WATCH BATT.  6/1,9,,41.00000,0.00000,20,No Tax, exclusive,,
390BP,WALL CLOCK BATTERY 6/1,9,,37.00000,0.00000,20,No Tax, exclusive,,
ECR1216BP5,ENER.BATTERY ECR1216BP5,9,,35.00000,35.00000,20,No Tax, exclusive,,
ECR1616,3V. LITHIUM WATCH BATT. 6/1,9,,35.00000,0.00000,20,No Tax, exclusive,,
395BP,1.5V SLVR WATCH BATT.  6/1,9,,34.00000,0.00000,20,No Tax, exclusive,,
399BP,1.5V SLVR WATCH BATT.  6/1,9,,33.00000,0.00000,20,No Tax, exclusive,,
392BP,1.5V SLVR WATCH BATT.  6/1,9,,27.00000,0.00000,20,No Tax, exclusive,,
362BP,1.5V SLVR WATCH BATT. 6/1,9,,25.00000,0.00000,20,No Tax, exclusive,,
381BP,1.5V SLVR WATCH BATT.6/1,9,,22.60000,0.00000,20,No Tax, exclusive,,
386BP,1.5V SLVR WATCH BATT.  6/1,9,,22.60000,0.00000,20,No Tax, exclusive,,
389BP,1.5V SLVR WATCH BATT.  6/1,9,,22.60000,0.00000,20,No Tax, exclusive,,
391BP,1.5V  SLVR  WATCH BATT.  6/1,9,,22.60000,0.00000,20,No Tax, exclusive,,
393BP,1.5V SLVR WATCH BATT.  6/1,9,,22.60000,0.00000,20,No Tax, exclusive,,
396BP,1.5V SLVR WATCH BATT.  6/1,9,,22.60000,0.00000,20,No Tax, exclusive,,
397BP,1.5V SLVR WATCH BATT.  6/1,9,,22.60000,0.00000,20,No Tax, exclusive,,
186BP,ENERG. CALCULATOR BATT. 6/1,9,,20.00000,0.00000,20,No Tax, exclusive,,
193W,EII PREMIUM,8A,,37.30000,38.48000,20,No Tax, exclusive,,
197W,EII SENSITIVE,8,,37.30000,38.48000,20,No Tax, exclusive,,
193S,EXTRA II PREMIUM,8,,33.90000,35.00000,20,No Tax, exclusive,,
197N,EXTRA II SENSITIVE,8,,33.90000,35.00000,20,No Tax, exclusive,,
197E,EXTRA II PRECISION,8,,28.50000,29.31000,20,No Tax, exclusive,,
195W,EII PRECISION,8,,27.13000,27.97000,20,No Tax, exclusive,,
1163,FLASHLIGHT BULBS,8,,19.30000,24.61000,20,No Tax, exclusive,,
1417,MINIATURE BULBS,8,,19.30000,0.00000,20,No Tax, exclusive,,
188O,QUICK II DISPOSABLES,8,,16.90000,17.49000,20,No Tax, exclusive,,
188W,K QUICK II,8,,16.90000,17.49000,20,No Tax, exclusive,,
TL04,EVEREADY MEGA LIGHT,7,,"1,950.00000",0.00000,20,No Tax, exclusive,,
SE-222,2D TEN IN ONE LANTERN,7,,"1,938.00000",0.00000,20,No Tax, exclusive,,
150CPU,RECH. CAMPING LANTERN,7,,"1,772.60000",0.00000,20,No Tax, exclusive,,
RC104,RECH. FLOURESCENT LANTERN,7,,"1,495.15000",0.00000,20,No Tax, exclusive,,
TL05,EVEREADY LANTERN,7,,"1,342.13000",0.00000,20,No Tax, exclusive,,
RC105,RECHARGEABLE LANTERN,7,,"1,108.54000",0.00000,20,No Tax, exclusive,,
FL651,6D FLOURESCENT LANTERN,7,,916.67000,0.00000,20,No Tax, exclusive,,
X250,ENERG. 2D PROF. SE,7,,677.70000,0.00000,20,No Tax, exclusive,,
FL450,4D FLUORESCENT LANTERN,7,,653.75000,0.00000,20,No Tax, exclusive,,
F450,DOLPHIN  LANTERN MK4,7,,637.93100,0.00000,20,No Tax, exclusive,,
C450,4D TWO WAY LANTERN,7,,576.10000,0.00000,20,No Tax, exclusive,,
RC-290,2D RECHARGEABLE TORCH,7,,570.63854,0.00000,20,No Tax, exclusive,,
LEDIDI-WHITE,ENERGIZER MOODLITE-WHITE,7,,543.02430,0.00000,20,No Tax, exclusive,,
LEDIDI-AMBER,ENERGIZER MOODLIGHT-AMBER,7,,543.02400,0.00000,20,No Tax, exclusive,,
LEDIDI-RED,ENERGIZER MOODLITE-RED,7,,543.02400,0.00000,20,No Tax, exclusive,,
LEDIDI-BLUE,ENERGIZER MOODLIGHT-BLUE,7,,543.02000,0.00000,20,No Tax, exclusive,,
E450PR,4D LANTERN+BATTERIES,7,,374.00000,0.00000,20,No Tax, exclusive,,
X215,ENERG. 2AA PROF. S,7,,364.65000,0.00000,20,No Tax, exclusive,,
3539,4AA TWO-WAY YELLOW EXPLORER,7,,349.13000,0.00000,20,No Tax, exclusive,,
F250,4AA FLOATING FLASHLIGHT,7,,337.06944,0.00000,20,No Tax, exclusive,,
E450,EVEREADY 4D LANTERN.,7,,336.56250,0.00000,20,No Tax, exclusive,,
R251,2D RUBBER LITE,7,,303.55000,0.00000,20,No Tax, exclusive,,
F215,2AA YELLOW FLOATING  FLASHLITE,7,,250.94792,0.00000,20,No Tax, exclusive,,
T-73WB,4D FLOATING LANTERN,7,,250.00000,0.00000,20,No Tax, exclusive,,
X112,ENERG.POCKET LITE,7,,239.10000,0.00000,20,No Tax, exclusive,,
3823,2D PLASTICLITE (D),7,,201.90000,0.00000,20,No Tax, exclusive,,
3515,2D RUBBER FLASHLIGHT,7,,174.00000,0.00000,20,No Tax, exclusive,,
R220,2AA BIG RED PLASTIC LIGHT,7,,169.10000,0.00000,20,No Tax, exclusive,,
V250TB,CYBER LIGHT-V250TB,7,,160.00000,0.00000,20,No Tax, exclusive,,
E451,4D EVEREADY LANTERN.,7,,150.00000,0.00000,20,No Tax, exclusive,,
NEMO-NS,NEMO SQUEEZE LIGHT,7,,146.56000,0.00000,20,No Tax, exclusive,,
SLBOO-NS,DISNEY BOO SQUEEZE LIGHT,7,,146.56000,0.00000,20,No Tax, exclusive,,
SLEYO-NS,DISNEY EEYORE SQUEEZE LIGHT,7,,146.56000,0.00000,20,No Tax, exclusive,,
SLMIK-NS,DISNEY MIKE SQUEEZE LIGHT,7,,146.56000,0.00000,20,No Tax, exclusive,,
SLPOH-NS,DISNEY POOH SQUEEZE LIGHT,7,,146.56000,0.00000,20,No Tax, exclusive,,
SLSUL-NS,DISNEY BULLEY SQUEEZE LIGHT,7,,146.56000,0.00000,20,No Tax, exclusive,,
SLTIG-NS,DISNEY TIGER SQUEEZE LIGHT,7,,146.56000,0.00000,20,No Tax, exclusive,,
V250,2D FLOATING FLASHLIGHT,7,,138.79306,0.00000,20,No Tax, exclusive,,
3691,2D CLASSIC FLASHLIGHT,7,,135.93000,0.00000,20,No Tax, exclusive,,
3857,3D STEELITE   (D),7,,135.90000,139.98000,20,No Tax, exclusive,,
V215,2AA SLIME PLASTIC POCKETLIGHT,7,,128.87778,0.00000,20,No Tax, exclusive,,
T3859,3D STEEL SEARCHLIGHT,7,,118.00000,0.00000,20,No Tax, exclusive,,
9215,2AA ENERGIZER PENLIGHT,7,,112.74000,0.00000,20,No Tax, exclusive,,
EC2D3,EC2D3 PLASTIC JAZZ FLASHLIGHT,7,,105.00000,115.50000,20,No Tax, exclusive,,
3518,2D RED PLASTICLIGHT,7,,103.88000,0.00000,20,No Tax, exclusive,,
4212BP,2MIN - SQUEEZE LIGHT,7,,89.65521,0.00000,20,No Tax, exclusive,,
EC2A3,EC2A3 PLASTIC JAZZ FLASHLIGHT,7,,68.00000,74.80000,20,No Tax, exclusive,,
3853,2D STEELITE (D),7,,65.00000,73.50000,20,No Tax, exclusive,,
EC2AAWB,EC2AAWB ECONOMY LIGHT + BATT.,7,,60.00000,0.00000,20,No Tax, exclusive,,
T8815,2D CLASSIC ECONOMY PLASTIC,7,,57.60000,0.00000,20,No Tax, exclusive,,
3528,2C RED PLASTICLIGHT,7,,45.20000,0.00000,20,No Tax, exclusive,,
QCC4-220V,QUCIK CHARGER (220V),6,,"2,200.00000",0.00000,20,No Tax, exclusive,,
CH35BP2,RECH.  BATT.  C  SIZE-CH35BP2,6,,200.50000,0.00000,20,No Tax, exclusive,,
X22RP1,ENERGIZER e2 9VOLTS-X22RP1,5,,249.46870,0.00000,20,No Tax, exclusive,,
X95RP2,ENERGIZER e2 D SIZE-X95RP2,5,,241.61350,0.00000,20,No Tax, exclusive,,
X93RP2,ENERGIZER e2 CSIZE-X93RP2,5,,143.89060,0.00000,20,No Tax, exclusive,,
E93BP2-AF,ENERGIZER C SIZE E93BP2-AF,5,,135.00000,0.00000,20,No Tax, exclusive,,
E95BP2-AF,ENERGIZER DSIZE E95BP2-AF,5,,120.00000,0.00000,20,No Tax, exclusive,,
E95BP2-OLT,ENERGIZER D SIZE-E95BP2-OLT,5,,83.63716,0.00000,20,No Tax, exclusive,,
X92RP2,ENERGIZER e2 AAA SIZE-X92RP2,5,,77.85000,0.00000,20,No Tax, exclusive,,
X91RP2,ENERGIZER e2 AA SIZE-X91RP2,5,,70.67390,0.00000,20,No Tax, exclusive,,
E93BP2,ENERGIZER C SIZE-E93BP2,5,,66.78033,0.00000,20,No Tax, exclusive,,
X91RP4,ENERGIZER e2 AASIZE-X91RP4,5,,61.99210,0.00000,20,No Tax, exclusive,,
E91BP4-AF,ENERGIZER AA SIZE E91BP4-AF,5,,61.00000,0.00000,20,No Tax, exclusive,,
E92BP2-AF,ENERGIZER AAA SIZE E92BP2-AF,5,,60.00000,0.00000,20,No Tax, exclusive,,
E91BP4+FLB,ENERG. AA E91BP4+FLB,5,,41.22460,0.00000,20,No Tax, exclusive,,
E91BP6(4+2),ENERG. AA SIZE E91BP6(4+2)-MAX,5,,38.77000,0.00000,20,No Tax, exclusive,,
E91BP4+FL,ENERG. AA E91BP4+FL,5,,37.66300,0.00000,20,No Tax, exclusive,,
E92BP2,ENERGIZER AAA  SIZE-E92BP2-OLT,5,,36.63588,0.00000,20,No Tax, exclusive,,
E91BP4WCC,ENERGIZER AA SIZE-E91BP4WCC,5,,29.72729,0.00000,20,No Tax, exclusive,,
E91BP4WKC,ENERGIZER AA SIZE-E91BP4WKC,5,,29.72729,0.00000,20,No Tax, exclusive,,
E91BP4WPL,ENERGIZER AA SIZE-E91BP4WPL,5,,29.72729,0.00000,20,No Tax, exclusive,,
E91BP4-KCOB,ENERGIZER AA SIZE-E91BP4-KCOB,5,,29.72726,0.00000,20,No Tax, exclusive,,
E91BP6-FUJI,ENERGIZER AA SIZE-E91BP6 FUJI,5,,29.72726,0.00000,20,No Tax, exclusive,,
E91BP2-OLT,ENERGIZER AA SIZE-E91BP2-OLT,5,,28.18187,0.00000,20,No Tax, exclusive,,
E92SW4,ENERGIZER AAA SIZE-E92SW4,5,,24.61870,0.00000,20,No Tax, exclusive,,
E91SW4,ENERGIZER AA SIZE-E91SW4,5,,24.61790,0.00000,20,No Tax, exclusive,,
1050/1015 COMBO,RED SIZE D/AA-1050/1015 COMBO.,3,,255.26000,0.00000,20,No Tax, exclusive,,
1215Y,ZN.CHL.AA  SIZE- 1215Y,3,,16.93000,17.51000,20,No Tax, exclusive,,
915TP1,915TP1 AA PLAIN,3,,11.04000,0.00000,20,No Tax, exclusive,,
1015BP4-BC,RED AA SIZE-1015BP4-BC,3,,10.98000,0.00000,20,No Tax, exclusive,,
1015SW2,RED AA SIZE- 1015SW2,3,,10.63580,0.00000,20,No Tax, exclusive,,
1015TS,RED AA SIZE- 1015TS,3,,10.63580,0.00000,20,No Tax, exclusive,,
1215Y-BP4,ZN. CHL AA SIZE-1215Y-BP4,3,,9.30000,0.00000,20,No Tax, exclusive,,
915SW4(3+1),BLUE AA SIZE 915SW4(3+1),3,,9.22000,0.00000,20,No Tax, exclusive,,
1015SW8,RED AA SIZE-1015SW8,3,,8.23785,0.00000,20,No Tax, exclusive,,
1015SW4(3+1),RED AA SIZE 1015SW4(3+1),3,,7.97680,0.00000,20,No Tax, exclusive,,
1015SW6 - PROMO,RED AA SIZE 1015SW6 - PROMO.,3,,7.09050,0.00000,20,No Tax, exclusive,,
1235Y,ZN.CHL  C  SIZE- 1235Y,2,,17.68000,0.00000,20,No Tax, exclusive,,
935SW2,BLUE C SIZE - 935SW2,2,,8.05000,0.00000,20,No Tax, exclusive,,
1250SW12 B288,ZN.CHL.D SIZE-1250SW12B288,1A,,22.44000,0.00000,20,No Tax, exclusive,,
1250Y,ZN. CHL.   D  SIZE-1250Y,1A,,22.44000,0.00000,20,No Tax, exclusive,,
1250SW2 BLK-1,ZN.CHL.D SIZE-1250SW2B288,1A,,22.17000,0.00000,20,No Tax, exclusive,,
1050TP,RED D SIZE-1050TP,1A,,17.43000,0.00000,20,No Tax, exclusive,,
31.8498A,INTUITION KIT 2 SENSITIVE,10,,453.61000,467.22000,20,No Tax, exclusive,,
31.6422.A  QR,SCHICK QUATTRO KIT,10,,449.41000,462.89000,20,No Tax, exclusive,,
31.8437A,SILK EFFECTS PLAIN HANDLE KIT,10,,310.00000,314.00000,20,No Tax, exclusive,,
3271O,APRES CREAM,10,,267.24000,267.24000,20,No Tax, exclusive,,
31.8432 C,SILK EFFECTS KIT+2,10,,232.76000,237.07000,20,No Tax, exclusive,,
3180S,LADY PROTECTOR RAZOR,10,,232.76000,237.07000,20,No Tax, exclusive,,
3270O,SILK EFFECTS MOUSSE,10,,232.76000,237.07000,20,No Tax, exclusive,,
3616O,AFTERSHAVE BALM,10,,219.13000,226.36000,20,No Tax, exclusive,,
3207V/A,SENSITIVE GEL,10,,207.04000,213.25000,20,No Tax, exclusive,,
3208T,SENSITIVE FOAM,10,,175.87000,175.87000,20,No Tax, exclusive,,
7510083A,7510083A,10,,148.26050,0.00000,20,No Tax, exclusive,,
31.646.A QB,SCHICK QUATTRO BLADES,10,,148.00000,153.02000,20,No Tax, exclusive,,
31.6463A,QUATTRO REFILL 4+2,10,,98.67000,102.01000,20,No Tax, exclusive,,
31.8473 B,SILK EFFECTS REFILLS PLAIN,10,,60.26000,62.07000,20,No Tax, exclusive,,
3134S,LADY PROTECTOR BLADES,10,,45.00000,47.41000,20,No Tax, exclusive,,
31.3415C,EXTRA II SEN 5'S,10,,31.29000,32.23000,20,No Tax, exclusive,,
31.3901 A,EII REG KIT 1 HANGER,10,,29.90000,30.80000,20,No Tax, exclusive,,
31.3902 A,EII SEN KIT 1 HANGER,10,,29.30000,30.80000,20,No Tax, exclusive,,
3181S,EXTRA II FOR WOMEN,10,,25.86000,26.72000,20,No Tax, exclusive,,
31.3405.C,EXACTA II REGULAR 5's,10,,23.75000,24.94000,20,No Tax, exclusive,,
31.3425 C,EXACTA II WOMEN 5's,10,,23.53000,24.70000,20,No Tax, exclusive,,
319BP,1.5V SLVR WATCH BATT. 6/1,10,,22.60000,0.00000,20,No Tax, exclusive,,
185Z,QUICK DISPOSABLES,10,,13.60000,13.99000,20,No Tax, exclusive,,
185W,K QUICK,10,,13.56000,14.19000,20,No Tax, exclusive,,
31.3495A,QUICK II - 5's,10,,13.00000,13.39000,20,No Tax, exclusive,,
1050 (5+1),RED D SIZE 1050 (5+1),1,,21.93000,22.58000,20,No Tax, exclusive,,
1050/1250PROMO.,D SIZE 1050/1250SW10PROMO.,1,,20.18000,20.82000,20,No Tax, exclusive,,
1050SW6B144,RED D SIZE - 1050SW6B144,1,,20.00000,23.90000,20,No Tax, exclusive,,
1050SW12,RED D SIZE-1050SW12B144,1,,19.35080,0.00000,20,No Tax, exclusive,,
1050AA-PROMO,RED D SIZE - 1050AA-PROMO.,1,,19.02000,0.00000,20,No Tax, exclusive,,
1050SW12B288,RED D SIZE-1050SW12B288,1,,17.43000,0.00000,20,No Tax, exclusive,,
1050SW2 B-PACK,RED D SIZE-1050SW2B288,1,,17.21000,0.00000,20,No Tax, exclusive,,
1050A,RED D SIZE - 1050SW10A,1,,16.86000,0.00000,20,No Tax, exclusive,,
1050B,RED D SIZE - 1050SW10B,1,,16.86000,0.00000,20,No Tax, exclusive,,
1050C,RED D SIZE - 1050SW10C,1,,16.86000,0.00000,20,No Tax, exclusive,,
1050D,RED D SIZE - 1050SW10D,1,,16.86000,0.00000,20,No Tax, exclusive,,
1050E,RED D SIZE - 1050SW10E,1,,16.86000,0.00000,20,No Tax, exclusive,,
1050F,RED D SIZE - 1050SW10F,1,,16.86000,0.00000,20,No Tax, exclusive,,
1050G,RED D SIZE - 1050SW10G,1,,16.86000,0.00000,20,No Tax, exclusive,,
1050H,RED D SIZE - 1050SW10H,1,,16.86000,0.00000,20,No Tax, exclusive,,
1050I,RED D SIZE - 1050SW10I,1,,16.86000,0.00000,20,No Tax, exclusive,,
1050J,RED D SIZE - 1050SW10J,1,,16.86000,0.00000,20,No Tax, exclusive,,
1050K,RED D SIZE - 1050SW10K,1,,16.86000,0.00000,20,No Tax, exclusive,,
1050L,RED D SIZE - 1050SW10L,1,,16.86000,0.00000,20,No Tax, exclusive,,
1050M,RED D SIZE - 1050SW10M,1,,16.86000,0.00000,20,No Tax, exclusive,,
1050N,RED D SIZE - 1050SW10N,1,,16.86000,0.00000,20,No Tax, exclusive,,
1050O,RED D SIZE - 1050SW10O,1,,16.86000,0.00000,20,No Tax, exclusive,,
1050P,RED D SIZE - 1050SW10P,1,,16.86000,0.00000,20,No Tax, exclusive,,
1050Q,RED  D  SIZE  -  1050Q,1,,16.86000,0.00000,20,No Tax, exclusive,,
1050SW3B108,RED D SIZE-1050SW3B108,1,,15.89000,0.00000,20,No Tax, exclusive,,
1050SW10-E,RED D SIZE-1050SW10-E,1,,15.74000,0.00000,20,No Tax, exclusive,,
1050SW6B108,RED D SIZE-1050SW6B108,1,,13.39000,0.00000,20,No Tax, exclusive,,
950SW10C,BLUE D SIZE- 950SW10C,1,,10.86000,0.00000,20,No Tax, exclusive,,
950SW10D,BLUE D SIZE- 950SW10D,1,,10.86000,0.00000,20,No Tax, exclusive,,
950SW10F,BLUE D SIZE- 950SW10F,1,,10.86000,0.00000,20,No Tax, exclusive,,
950SW10G,BLUE D SIZE- 950SW10G,1,,10.86000,0.00000,20,No Tax, exclusive,,
950SW10H,BLUE D SIZE- 950SW10H,1,,10.86000,0.00000,20,No Tax, exclusive,,
950SW10I,BLUE D SIZE- 950SW10I,1,,10.86000,0.00000,20,No Tax, exclusive,,
950SW10J,BLUE D SIZE- 950SW10J,1,,10.86000,0.00000,20,No Tax, exclusive,,
950SW10K,BLUE D SIZE- 950SW10K,1,,10.86000,0.00000,20,No Tax, exclusive,,
950SW10L,BLUE D SIZE- 950SW10L,1,,10.86000,0.00000,20,No Tax, exclusive,,
950SW10M,BLUE D SIZE- 950SW10M,1,,10.86000,0.00000,20,No Tax, exclusive,,
950SW10N,BLUE D SIZE- 950SW10N,1,,10.86000,0.00000,20,No Tax, exclusive,,
950SW10P,BLUE D SIZE- 950SW10P,1,,10.86000,0.00000,20,No Tax, exclusive,,
1250BE,BLACK D SIZE-1250 SHDE,1,,10.27000,0.00000,20,No Tax, exclusive,,
1050SW2 BLK-2,RED D SIZE-1050SW2B144,1,,10.11870,0.00000,20,No Tax, exclusive,,
TRANSPORT(CR),TRANSPORT CREDIT,###,,24.13000,0.00000,20,No Tax, exclusive,,
